id,name,city,description
1,Андрей Петров,München,Description with special chars: áéíóú ñç ßø æå
2,Björk Guðmundsdóttir,München,Description with special chars: áéíóú ñç ßø æå
3,Αλέξανδρος Παπαδόπουλος,París,Description with special chars: áéíóú ñç ßø æå
4,Müller Schmidt,München,Description with special chars: áéíóú ñç ßø æå
5,José García,Москва,Description with special chars: áéíóú ñç ßø æå
6,Björk Guðmundsdóttir,Αθήνα,Description with special chars: áéíóú ñç ßø æå
7,François Dubois,東京,Description with special chars: áéíóú ñç ßø æå
8,José García,München,Description with special chars: áéíóú ñç ßø æå
9,Müller Schmidt,München,Description with special chars: áéíóú ñç ßø æå
10,Андрей Петров,東京,Description with special chars: áéíóú ñç ßø æå
11,Αλέξανδρος Παπαδόπουλος,Москва,Description with special chars: áéíóú ñç ßø æå
12,Müller Schmidt,القاهرة,Description with special chars: áéíóú ñç ßø æå
13,Björk Guðmundsdóttir,القاهرة,Description with special chars: áéíóú ñç ßø æå
14,Mohammed Ahmed,París,Description with special chars: áéíóú ñç ßø æå
15,Андрей Петров,Αθήνα,Description with special chars: áéíóú ñç ßø æå
16,Müller Schmidt,München,Description with special chars: áéíóú ñç ßø æå
17,José García,México,Description with special chars: áéíóú ñç ßø æå
18,Takeshi Yamada,Αθήνα,Description with special chars: áéíóú ñç ßø æå
19,Björk Guðmundsdóttir,München,Description with special chars: áéíóú ñç ßø æå
20,Αλέξανδρος Παπαδόπουλος,東京,Description with special chars: áéíóú ñç ßø æå
21,Müller Schmidt,Αθήνα,Description with special chars: áéíóú ñç ßø æå
22,Mohammed Ahmed,Αθήνα,Description with special chars: áéíóú ñç ßø æå
23,Takeshi Yamada,東京,Description with special chars: áéíóú ñç ßø æå
24,Αλέξανδρος Παπαδόπουλος,東京,Description with special chars: áéíóú ñç ßø æå
25,François Dubois,París,Description with special chars: áéíóú ñç ßø æå
26,Takeshi Yamada,Москва,Description with special chars: áéíóú ñç ßø æå
27,Takeshi Yamada,México,Description with special chars: áéíóú ñç ßø æå
28,Αλέξανδρος Παπαδόπουλος,París,Description with special chars: áéíóú ñç ßø æå
29,Андрей Петров,Αθήνα,Description with special chars: áéíóú ñç ßø æå
30,Müller Schmidt,Москва,Description with special chars: áéíóú ñç ßø æå
31,Αλέξανδρος Παπαδόπουλος,México,Description with special chars: áéíóú ñç ßø æå
32,Αλέξανδρος Παπαδόπουλος,東京,Description with special chars: áéíóú ñç ßø æå
33,José García,Москва,Description with special chars: áéíóú ñç ßø æå
34,François Dubois,Αθήνα,Description with special chars: áéíóú ñç ßø æå
35,François Dubois,القاهرة,Description with special chars: áéíóú ñç ßø æå
36,Takeshi Yamada,Москва,Description with special chars: áéíóú ñç ßø æå
37,Mohammed Ahmed,München,Description with special chars: áéíóú ñç ßø æå
38,François Dubois,Москва,Description with special chars: áéíóú ñç ßø æå
39,Αλέξανδρος Παπαδόπουλος,Αθήνα,Description with special chars: áéíóú ñç ßø æå
40,Αλέξανδρος Παπαδόπουλος,Москва,Description with special chars: áéíóú ñç ßø æå
41,Андрей Петров,México,Description with special chars: áéíóú ñç ßø æå
42,Müller Schmidt,Москва,Description with special chars: áéíóú ñç ßø æå
43,Björk Guðmundsdóttir,México,Description with special chars: áéíóú ñç ßø æå
44,José García,東京,Description with special chars: áéíóú ñç ßø æå
45,Björk Guðmundsdóttir,Αθήνα,Description with special chars: áéíóú ñç ßø æå
46,Takeshi Yamada,東京,Description with special chars: áéíóú ñç ßø æå
47,Björk Guðmundsdóttir,القاهرة,Description with special chars: áéíóú ñç ßø æå
48,Björk Guðmundsdóttir,東京,Description with special chars: áéíóú ñç ßø æå
49,François Dubois,México,Description with special chars: áéíóú ñç ßø æå
50,José García,París,Description with special chars: áéíóú ñç ßø æå
51,Takeshi Yamada,القاهرة,Description with special chars: áéíóú ñç ßø æå
52,Αλέξανδρος Παπαδόπουλος,París,Description with special chars: áéíóú ñç ßø æå
53,Андрей Петров,París,Description with special chars: áéíóú ñç ßø æå
54,Takeshi Yamada,東京,Description with special chars: áéíóú ñç ßø æå
55,Björk Guðmundsdóttir,Москва,Description with special chars: áéíóú ñç ßø æå
56,Αλέξανδρος Παπαδόπουλος,México,Description with special chars: áéíóú ñç ßø æå
57,Mohammed Ahmed,Αθήνα,Description with special chars: áéíóú ñç ßø æå
58,Андрей Петров,París,Description with special chars: áéíóú ñç ßø æå
59,Андрей Петров,القاهرة,Description with special chars: áéíóú ñç ßø æå
60,Björk Guðmundsdóttir,México,Description with special chars: áéíóú ñç ßø æå
61,Mohammed Ahmed,París,Description with special chars: áéíóú ñç ßø æå
62,Mohammed Ahmed,París,Description with special chars: áéíóú ñç ßø æå
63,Αλέξανδρος Παπαδόπουλος,Москва,Description with special chars: áéíóú ñç ßø æå
64,José García,Москва,Description with special chars: áéíóú ñç ßø æå
65,Müller Schmidt,München,Description with special chars: áéíóú ñç ßø æå
66,Björk Guðmundsdóttir,München,Description with special chars: áéíóú ñç ßø æå
67,Андрей Петров,القاهرة,Description with special chars: áéíóú ñç ßø æå
68,Müller Schmidt,東京,Description with special chars: áéíóú ñç ßø æå
69,Αλέξανδρος Παπαδόπουλος,القاهرة,Description with special chars: áéíóú ñç ßø æå
70,Björk Guðmundsdóttir,القاهرة,Description with special chars: áéíóú ñç ßø æå
71,Αλέξανδρος Παπαδόπουλος,München,Description with special chars: áéíóú ñç ßø æå
72,Björk Guðmundsdóttir,東京,Description with special chars: áéíóú ñç ßø æå
73,Takeshi Yamada,México,Description with special chars: áéíóú ñç ßø æå
74,Björk Guðmundsdóttir,東京,Description with special chars: áéíóú ñç ßø æå
75,Mohammed Ahmed,東京,Description with special chars: áéíóú ñç ßø æå
76,Takeshi Yamada,París,Description with special chars: áéíóú ñç ßø æå
77,Αλέξανδρος Παπαδόπουλος,París,Description with special chars: áéíóú ñç ßø æå
78,Björk Guðmundsdóttir,Москва,Description with special chars: áéíóú ñç ßø æå
79,Björk Guðmundsdóttir,Москва,Description with special chars: áéíóú ñç ßø æå
80,Mohammed Ahmed,القاهرة,Description with special chars: áéíóú ñç ßø æå
81,Mohammed Ahmed,Москва,Description with special chars: áéíóú ñç ßø æå
82,Αλέξανδρος Παπαδόπουλος,México,Description with special chars: áéíóú ñç ßø æå
83,François Dubois,München,Description with special chars: áéíóú ñç ßø æå
84,Takeshi Yamada,東京,Description with special chars: áéíóú ñç ßø æå
85,Takeshi Yamada,القاهرة,Description with special chars: áéíóú ñç ßø æå
86,Андрей Петров,Αθήνα,Description with special chars: áéíóú ñç ßø æå
87,Mohammed Ahmed,México,Description with special chars: áéíóú ñç ßø æå
88,Αλέξανδρος Παπαδόπουλος,Москва,Description with special chars: áéíóú ñç ßø æå
89,Mohammed Ahmed,القاهرة,Description with special chars: áéíóú ñç ßø æå
90,Takeshi Yamada,México,Description with special chars: áéíóú ñç ßø æå
91,José García,Αθήνα,Description with special chars: áéíóú ñç ßø æå
92,Müller Schmidt,México,Description with special chars: áéíóú ñç ßø æå
93,Mohammed Ahmed,東京,Description with special chars: áéíóú ñç ßø æå
94,José García,Αθήνα,Description with special chars: áéíóú ñç ßø æå
95,Takeshi Yamada,Αθήνα,Description with special chars: áéíóú ñç ßø æå
96,Андрей Петров,Москва,Description with special chars: áéíóú ñç ßø æå
97,Αλέξανδρος Παπαδόπουλος,Αθήνα,Description with special chars: áéíóú ñç ßø æå
98,Αλέξανδρος Παπαδόπουλος,東京,Description with special chars: áéíóú ñç ßø æå
99,Müller Schmidt,München,Description with special chars: áéíóú ñç ßø æå
100,José García,México,Description with special chars: áéíóú ñç ßø æå
101,Mohammed Ahmed,México,Description with special chars: áéíóú ñç ßø æå
102,Björk Guðmundsdóttir,Αθήνα,Description with special chars: áéíóú ñç ßø æå
103,Takeshi Yamada,Москва,Description with special chars: áéíóú ñç ßø æå
104,Андрей Петров,München,Description with special chars: áéíóú ñç ßø æå
105,Mohammed Ahmed,México,Description with special chars: áéíóú ñç ßø æå
106,Takeshi Yamada,Москва,Description with special chars: áéíóú ñç ßø æå
107,José García,México,Description with special chars: áéíóú ñç ßø æå
108,Андрей Петров,Москва,Description with special chars: áéíóú ñç ßø æå
109,Αλέξανδρος Παπαδόπουλος,القاهرة,Description with special chars: áéíóú ñç ßø æå
110,Takeshi Yamada,París,Description with special chars: áéíóú ñç ßø æå
111,Mohammed Ahmed,Αθήνα,Description with special chars: áéíóú ñç ßø æå
112,José García,القاهرة,Description with special chars: áéíóú ñç ßø æå
113,Αλέξανδρος Παπαδόπουλος,東京,Description with special chars: áéíóú ñç ßø æå
114,José García,東京,Description with special chars: áéíóú ñç ßø æå
115,Takeshi Yamada,München,Description with special chars: áéíóú ñç ßø æå
116,Андрей Петров,Москва,Description with special chars: áéíóú ñç ßø æå
117,Андрей Петров,القاهرة,Description with special chars: áéíóú ñç ßø æå
118,Андрей Петров,東京,Description with special chars: áéíóú ñç ßø æå
119,Takeshi Yamada,München,Description with special chars: áéíóú ñç ßø æå
120,Björk Guðmundsdóttir,القاهرة,Description with special chars: áéíóú ñç ßø æå
121,Андрей Петров,París,Description with special chars: áéíóú ñç ßø æå
122,Müller Schmidt,Αθήνα,Description with special chars: áéíóú ñç ßø æå
123,François Dubois,México,Description with special chars: áéíóú ñç ßø æå
124,Андрей Петров,París,Description with special chars: áéíóú ñç ßø æå
125,Björk Guðmundsdóttir,München,Description with special chars: áéíóú ñç ßø æå
126,Björk Guðmundsdóttir,القاهرة,Description with special chars: áéíóú ñç ßø æå
127,Mohammed Ahmed,Αθήνα,Description with special chars: áéíóú ñç ßø æå
128,José García,Αθήνα,Description with special chars: áéíóú ñç ßø æå
129,Mohammed Ahmed,München,Description with special chars: áéíóú ñç ßø æå
130,José García,Москва,Description with special chars: áéíóú ñç ßø æå
131,Αλέξανδρος Παπαδόπουλος,París,Description with special chars: áéíóú ñç ßø æå
132,Андрей Петров,Москва,Description with special chars: áéíóú ñç ßø æå
133,Αλέξανδρος Παπαδόπουλος,Αθήνα,Description with special chars: áéíóú ñç ßø æå
134,Андрей Петров,München,Description with special chars: áéíóú ñç ßø æå
135,José García,東京,Description with special chars: áéíóú ñç ßø æå
136,Mohammed Ahmed,München,Description with special chars: áéíóú ñç ßø æå
137,François Dubois,東京,Description with special chars: áéíóú ñç ßø æå
138,Takeshi Yamada,東京,Description with special chars: áéíóú ñç ßø æå
139,José García,México,Description with special chars: áéíóú ñç ßø æå
140,Björk Guðmundsdóttir,Αθήνα,Description with special chars: áéíóú ñç ßø æå
141,Андрей Петров,München,Description with special chars: áéíóú ñç ßø æå
142,Müller Schmidt,München,Description with special chars: áéíóú ñç ßø æå
143,Mohammed Ahmed,القاهرة,Description with special chars: áéíóú ñç ßø æå
144,José García,París,Description with special chars: áéíóú ñç ßø æå
145,Takeshi Yamada,Москва,Description with special chars: áéíóú ñç ßø æå
146,François Dubois,París,Description with special chars: áéíóú ñç ßø æå
147,José García,القاهرة,Description with special chars: áéíóú ñç ßø æå
148,Müller Schmidt,México,Description with special chars: áéíóú ñç ßø æå
149,Björk Guðmundsdóttir,القاهرة,Description with special chars: áéíóú ñç ßø æå
150,Takeshi Yamada,México,Description with special chars: áéíóú ñç ßø æå
151,Андрей Петров,París,Description with special chars: áéíóú ñç ßø æå
152,Αλέξανδρος Παπαδόπουλος,México,Description with special chars: áéíóú ñç ßø æå
153,Björk Guðmundsdóttir,Αθήνα,Description with special chars: áéíóú ñç ßø æå
154,Андрей Петров,Москва,Description with special chars: áéíóú ñç ßø æå
155,Андрей Петров,القاهرة,Description with special chars: áéíóú ñç ßø æå
156,Mohammed Ahmed,Αθήνα,Description with special chars: áéíóú ñç ßø æå
157,Björk Guðmundsdóttir,Αθήνα,Description with special chars: áéíóú ñç ßø æå
158,Αλέξανδρος Παπαδόπουλος,القاهرة,Description with special chars: áéíóú ñç ßø æå
159,Mohammed Ahmed,París,Description with special chars: áéíóú ñç ßø æå
160,Björk Guðmundsdóttir,Αθήνα,Description with special chars: áéíóú ñç ßø æå
161,Mohammed Ahmed,東京,Description with special chars: áéíóú ñç ßø æå
162,Björk Guðmundsdóttir,Αθήνα,Description with special chars: áéíóú ñç ßø æå
163,Björk Guðmundsdóttir,Москва,Description with special chars: áéíóú ñç ßø æå
164,José García,Αθήνα,Description with special chars: áéíóú ñç ßø æå
165,Андрей Петров,München,Description with special chars: áéíóú ñç ßø æå
166,Андрей Петров,París,Description with special chars: áéíóú ñç ßø æå
167,Müller Schmidt,東京,Description with special chars: áéíóú ñç ßø æå
168,Αλέξανδρος Παπαδόπουλος,México,Description with special chars: áéíóú ñç ßø æå
169,Андрей Петров,Москва,Description with special chars: áéíóú ñç ßø æå
170,Αλέξανδρος Παπαδόπουλος,Москва,Description with special chars: áéíóú ñç ßø æå
171,Mohammed Ahmed,東京,Description with special chars: áéíóú ñç ßø æå
172,François Dubois,القاهرة,Description with special chars: áéíóú ñç ßø æå
173,Takeshi Yamada,München,Description with special chars: áéíóú ñç ßø æå
174,Müller Schmidt,東京,Description with special chars: áéíóú ñç ßø æå
175,José García,القاهرة,Description with special chars: áéíóú ñç ßø æå
176,Mohammed Ahmed,القاهرة,Description with special chars: áéíóú ñç ßø æå
177,François Dubois,Αθήνα,Description with special chars: áéíóú ñç ßø æå
178,José García,München,Description with special chars: áéíóú ñç ßø æå
179,François Dubois,München,Description with special chars: áéíóú ñç ßø æå
180,José García,München,Description with special chars: áéíóú ñç ßø æå
181,Müller Schmidt,México,Description with special chars: áéíóú ñç ßø æå
182,Αλέξανδρος Παπαδόπουλος,القاهرة,Description with special chars: áéíóú ñç ßø æå
183,Björk Guðmundsdóttir,القاهرة,Description with special chars: áéíóú ñç ßø æå
184,José García,東京,Description with special chars: áéíóú ñç ßø æå
185,Αλέξανδρος Παπαδόπουλος,القاهرة,Description with special chars: áéíóú ñç ßø æå
186,François Dubois,München,Description with special chars: áéíóú ñç ßø æå
187,Takeshi Yamada,東京,Description with special chars: áéíóú ñç ßø æå
188,François Dubois,القاهرة,Description with special chars: áéíóú ñç ßø æå
189,Björk Guðmundsdóttir,París,Description with special chars: áéíóú ñç ßø æå
190,Mohammed Ahmed,México,Description with special chars: áéíóú ñç ßø æå
191,Mohammed Ahmed,París,Description with special chars: áéíóú ñç ßø æå
192,Αλέξανδρος Παπαδόπουλος,París,Description with special chars: áéíóú ñç ßø æå
193,Αλέξανδρος Παπαδόπουλος,東京,Description with special chars: áéíóú ñç ßø æå
194,Αλέξανδρος Παπαδόπουλος,México,Description with special chars: áéíóú ñç ßø æå
195,Андрей Петров,Москва,Description with special chars: áéíóú ñç ßø æå
196,Андрей Петров,東京,Description with special chars: áéíóú ñç ßø æå
197,Андрей Петров,München,Description with special chars: áéíóú ñç ßø æå
198,José García,Москва,Description with special chars: áéíóú ñç ßø æå
199,Björk Guðmundsdóttir,México,Description with special chars: áéíóú ñç ßø æå
200,François Dubois,Αθήνα,Description with special chars: áéíóú ñç ßø æå
