employee_id,first_name,last_name,email,age,salary,department,hire_date,active,performance_score
1,Uma,Brown,alice.martin@enterprise.net,60,97841.92,Engineering,2021-05-19,True,1.8
2,Diana,Jackson,alice.garcia@enterprise.net,50,64223.75,Operations,2022-10-31,True,3.1
3,Alice,Miller,wendy.harris@enterprise.net,36,66740.7,Finance,2019-08-26,True,1.3
4,Xander,Anderson,drew.hernandez@enterprise.net,64,46053.17,HR,2017-08-03,True,3.4
5,Ivy,Thompson,alice.garcia@business.org,29,49411.48,Sales,2022-07-15,True,3.1
6,Henry,Rodriguez,sam.perez@corp.com,42,21069.71,Marketing,2025-06-06,True,4.0
7,Henry,Harris,charlie.jones@company.com,60,66103.12,HR,2019-11-29,True,3.5
8,Eve,Lopez,charlie.white@firm.co,40,115113.78,Marketing,2016-06-27,True,3.2
9,Xander,Garcia,grace.gonzalez@corp.com,44,44627.61,Sales,2017-01-25,True,3.8
10,Diana,Martin,olivia.hernandez@business.org,32,124523.94,HR,2021-07-03,True,1.6
11,Victor,Martin,liam.martinez@enterprise.net,32,93285.03,Engineering,2019-12-10,False,3.4
12,Xander,White,yara.jackson@firm.co,45,55528.22,Marketing,2016-09-14,True,1.7
13,Casey,Thompson,charlie.johnson@business.org,57,65545.29,HR,2020-01-02,True,4.7
14,Rachel,Brown,frank.harris@firm.co,61,62297.99,HR,2020-09-16,True,1.3
15,Charlie,Harris,bob.perez@company.com,45,99123.28,Marketing,2020-04-01,True,2.7
16,Sam,Clark,ivy.anderson@corp.com,24,75340.31,Sales,2025-03-20,True,3.8
17,Noah,Garcia,peter.martin@corp.com,43,88639.48,Marketing,2022-05-20,True,2.8
18,Bob,Martinez,noah.rodriguez@business.org,23,72163.44,Finance,2018-05-27,False,1.4
19,Alice,Brown,yara.taylor@company.com,45,62760.55,Engineering,2023-07-20,True,3.2
20,Charlie,Jackson,liam.wilson@company.com,51,71528.47,Sales,2022-02-11,True,3.6
21,Grace,Smith,jack.perez@firm.co,59,56861.12,Operations,2019-12-12,True,3.8
22,Henry,Martinez,peter.taylor@enterprise.net,23,35955.92,Operations,2024-10-13,False,2.5
23,Quinn,Jackson,bob.davis@corp.com,42,81273.77,Engineering,2024-08-18,True,3.3
24,Tara,Perez,tara.johnson@company.com,54,34976.71,Engineering,2023-10-31,True,2.8
25,Alice,Gonzalez,grace.martinez@business.org,33,59623.32,Operations,2017-01-13,True,3.7
26,Rachel,Gonzalez,yara.jones@enterprise.net,43,56202.71,Marketing,2019-09-04,True,3.3
27,Grace,Thompson,jack.hernandez@company.com,46,77867.08,Finance,2019-09-23,True,3.1
28,Wendy,Miller,alice.thomas@corp.com,48,96294.09,HR,2025-08-16,True,2.0
29,Uma,Williams,frank.jones@corp.com,63,89099.41,Finance,2018-09-05,True,1.0
30,Wendy,Jackson,rachel.thompson@business.org,49,78448.5,Sales,2024-12-21,True,1.7
31,Rachel,Thompson,quinn.moore@enterprise.net,37,52402.57,Finance,2023-05-06,False,1.5
32,Noah,Clark,charlie.gonzalez@company.com,36,61330.62,Engineering,2018-03-11,True,2.8
33,Henry,Lee,noah.smith@corp.com,24,58414.53,HR,2018-08-25,True,3.4
34,Olivia,Davis,drew.williams@enterprise.net,58,55594.37,Finance,2017-01-12,True,1.9
35,Sam,Brown,sam.wilson@firm.co,28,56950.98,HR,2023-04-26,True,4.8
36,Ivy,Thompson,maya.thompson@corp.com,42,56417.24,Finance,2016-01-04,True,1.0
37,Zoe,Harris,jack.brown@corp.com,30,55531.48,Operations,2018-01-08,True,4.1
38,Blake,Martinez,alice.hernandez@business.org,60,84037.66,HR,2020-12-13,True,3.5
39,Alice,Perez,zoe.martin@corp.com,39,43907.26,Finance,2016-05-03,True,2.5
40,Yara,Martin,alex.thompson@enterprise.net,25,50410.52,Sales,2024-07-17,True,1.2
41,Zoe,Sanchez,charlie.wilson@company.com,46,33331.87,HR,2023-05-27,True,3.5
42,Frank,Brown,henry.wilson@firm.co,35,93309.66,Marketing,2019-09-05,True,2.5
43,Wendy,Sanchez,maya.taylor@company.com,30,49069.94,Engineering,2016-05-31,True,4.7
44,Noah,Jackson,maya.martinez@enterprise.net,47,78215.5,HR,2017-10-29,True,3.2
45,Kate,Sanchez,henry.hernandez@business.org,23,74506.38,Operations,2015-11-09,True,4.8
46,Ivy,Johnson,charlie.taylor@company.com,41,91376.77,Engineering,2017-05-24,True,1.9
47,Eve,Lopez,quinn.taylor@business.org,49,60799.67,Finance,2017-01-05,True,3.9
48,Grace,Moore,casey.harris@enterprise.net,28,46049.2,Finance,2020-10-29,True,3.5
49,Yara,Wilson,liam.white@business.org,29,33885.0,Finance,2018-06-16,True,4.0
50,Kate,Perez,henry.brown@business.org,56,9307.29,Finance,2016-07-19,True,1.9
51,Diana,Lopez,ivy.miller@business.org,35,68227.06,Operations,2024-11-24,True,3.7
52,Charlie,Williams,tara.jones@company.com,38,80509.45,Finance,2017-05-01,True,3.0
53,Maya,Taylor,frank.harris@corp.com,57,74433.76,Sales,2018-01-05,True,4.0
54,Diana,Lee,olivia.harris@firm.co,61,34404.71,Engineering,2023-12-26,True,2.3
55,Liam,Hernandez,yara.jackson@corp.com,25,85776.52,HR,2025-06-10,False,4.6
56,Blake,Smith,victor.jackson@firm.co,23,51035.68,Sales,2020-07-23,True,1.3
57,Liam,Wilson,kate.lee@enterprise.net,27,46861.93,Sales,2017-09-01,True,4.2
58,Tara,Clark,eve.anderson@company.com,63,50587.36,Sales,2021-12-27,True,4.4
59,Ivy,Thomas,peter.anderson@enterprise.net,25,66568.18,Sales,2025-04-13,True,4.3
60,Zoe,Brown,zoe.rodriguez@firm.co,50,35305.97,Sales,2024-09-22,True,3.1
61,Bob,Wilson,bob.lopez@firm.co,39,64259.28,Engineering,2024-11-19,True,2.8
62,Xander,Lopez,charlie.martinez@corp.com,47,73588.96,HR,2025-02-05,False,5.0
63,Olivia,Lee,olivia.johnson@company.com,55,87146.48,Engineering,2023-09-17,True,1.9
64,Rachel,Clark,liam.clark@enterprise.net,31,68519.13,Operations,2016-10-19,True,3.2
65,Diana,Anderson,charlie.lee@company.com,57,38207.43,HR,2022-11-19,True,3.7
66,Drew,Thompson,tara.martin@firm.co,35,67977.8,Sales,2019-06-14,True,3.8
67,Maya,Jones,maya.anderson@firm.co,52,43794.83,Operations,2024-12-01,True,1.8
68,Charlie,Wilson,rachel.sanchez@company.com,36,42641.1,Sales,2019-04-05,True,3.6
69,Rachel,Garcia,olivia.sanchez@firm.co,29,37745.93,Finance,2016-06-29,True,4.3
70,Jack,White,uma.miller@enterprise.net,35,26774.93,Marketing,2023-02-26,True,1.2
71,Alex,Taylor,tara.thomas@firm.co,44,53656.74,Marketing,2022-10-22,True,4.6
72,Uma,Lee,eve.johnson@corp.com,61,87577.77,Operations,2021-02-19,False,1.1
73,Tara,Rodriguez,diana.sanchez@enterprise.net,42,110129.68,Engineering,2021-05-10,False,2.4
74,Casey,Martin,wendy.williams@firm.co,37,53528.3,Engineering,2020-08-25,True,1.1
75,Blake,Sanchez,uma.garcia@company.com,39,86722.11,HR,2018-08-22,True,1.3
76,Liam,Moore,henry.thompson@corp.com,45,57108.35,Finance,2021-03-04,True,4.6
77,Sam,Harris,olivia.taylor@firm.co,47,31985.29,HR,2020-11-07,False,2.4
78,Grace,Thomas,tara.garcia@enterprise.net,46,79018.85,Finance,2022-02-28,True,2.7
79,Wendy,Anderson,liam.martinez@corp.com,62,69696.28,Marketing,2025-07-08,True,1.9
80,Charlie,Wilson,noah.harris@enterprise.net,50,101360.39,Marketing,2021-05-04,True,3.4
81,Bob,Clark,victor.martin@company.com,36,34306.43,Finance,2018-02-27,True,3.4
82,Victor,White,zoe.lee@enterprise.net,22,120920.65,HR,2024-05-19,False,2.5
83,Henry,Jackson,charlie.hernandez@company.com,46,96834.35,Engineering,2019-09-17,False,2.3
84,Yara,Rodriguez,rachel.perez@corp.com,28,64641.53,Operations,2025-08-22,True,4.5
85,Jack,Hernandez,jack.rodriguez@firm.co,30,59027.24,Finance,2018-07-07,True,2.5
86,Charlie,Davis,blake.jones@enterprise.net,45,50683.8,Finance,2017-08-18,True,3.0
87,Blake,Clark,charlie.jackson@business.org,22,67194.65,Finance,2018-10-10,True,2.1
88,Henry,Williams,drew.lopez@enterprise.net,29,61321.28,HR,2024-12-30,True,4.1
89,Blake,Rodriguez,uma.thompson@corp.com,45,75275.91,Engineering,2017-03-25,True,2.6
90,Diana,Anderson,eve.martin@company.com,32,59112.67,HR,2017-05-05,True,3.1
91,Maya,Davis,jack.moore@corp.com,38,93299.27,Sales,2019-02-21,True,2.0
92,Ivy,Harris,uma.sanchez@enterprise.net,29,67500.92,Sales,2025-03-13,False,5.0
93,Olivia,Anderson,alex.jones@firm.co,56,59863.66,Finance,2017-11-06,True,2.2
94,Uma,Jackson,charlie.lee@corp.com,56,85485.73,Finance,2016-03-12,True,4.1
95,Alex,Martin,quinn.lopez@company.com,54,32549.53,Finance,2024-11-22,False,2.7
96,Liam,Perez,liam.martinez@business.org,26,71819.77,Engineering,2021-09-11,True,1.8
97,Frank,Gonzalez,grace.hernandez@corp.com,63,65511.43,Engineering,2020-01-26,True,4.2
98,Liam,Hernandez,grace.davis@business.org,60,36782.99,Finance,2024-07-08,False,2.3
99,Liam,Smith,eve.williams@enterprise.net,62,30829.93,Engineering,2022-06-16,False,4.5
100,Grace,Thomas,blake.sanchez@company.com,49,85206.9,Marketing,2016-11-18,True,4.7
101,Victor,Hernandez,quinn.harris@firm.co,28,84255.81,Finance,2018-01-06,True,4.4
102,Ivy,Garcia,alex.white@firm.co,30,68451.17,Marketing,2022-04-30,True,1.1
103,Wendy,Thomas,bob.perez@enterprise.net,29,99333.16,HR,2018-11-27,True,4.1
104,Drew,Miller,casey.harris@firm.co,33,73819.36,Marketing,2024-09-26,False,2.6
105,Victor,Lopez,eve.martin@corp.com,55,89996.11,HR,2022-07-20,True,4.5
106,Uma,Sanchez,eve.garcia@business.org,54,73406.49,Operations,2017-02-15,True,3.6
107,Charlie,Rodriguez,alex.thompson@firm.co,44,59483.81,HR,2020-10-19,True,4.3
108,Tara,Hernandez,zoe.garcia@corp.com,45,43849.37,Finance,2021-06-06,True,3.0
109,Uma,Rodriguez,bob.wilson@enterprise.net,58,52931.27,Finance,2021-04-11,True,3.1
110,Frank,Martin,victor.white@business.org,56,59857.55,HR,2016-06-27,True,1.6
111,Rachel,Thompson,olivia.martin@enterprise.net,61,92263.06,Engineering,2018-04-19,False,4.1
112,Xander,Rodriguez,yara.white@corp.com,43,80398.39,Sales,2025-05-12,True,2.7
113,Henry,Moore,henry.moore@business.org,48,71606.38,Marketing,2020-05-23,True,3.0
114,Frank,Smith,jack.sanchez@corp.com,56,82400.2,HR,2023-12-15,True,4.1
115,Olivia,Taylor,casey.clark@business.org,22,75547.67,Sales,2019-09-22,True,3.4
116,Maya,Miller,liam.perez@firm.co,56,70238.75,Finance,2023-03-30,True,1.8
117,Ivy,Williams,olivia.anderson@enterprise.net,58,35026.81,Finance,2024-03-06,True,3.4
118,Drew,Davis,yara.gonzalez@firm.co,35,87783.15,Operations,2017-05-02,True,2.6
119,Uma,White,quinn.wilson@business.org,24,55829.76,Operations,2021-04-28,True,2.9
120,Wendy,Wilson,alex.miller@firm.co,22,86770.81,HR,2016-10-09,True,1.1
121,Rachel,Thomas,eve.rodriguez@company.com,26,88704.21,Engineering,2016-10-06,True,1.8
122,Henry,Moore,uma.thomas@enterprise.net,47,51599.22,HR,2016-03-07,True,2.1
123,Victor,Harris,rachel.brown@firm.co,35,83994.32,Marketing,2019-08-03,True,3.9
124,Kate,Davis,blake.brown@enterprise.net,60,57780.25,Operations,2022-05-26,True,1.0
125,Alex,Thompson,charlie.harris@business.org,48,57899.35,Sales,2018-08-06,True,2.6
126,Yara,Thomas,ivy.anderson@firm.co,30,70149.46,Engineering,2024-02-03,True,4.7
127,Yara,Lee,eve.clark@corp.com,36,70689.45,Operations,2022-05-14,True,1.4
128,Bob,Thompson,charlie.davis@corp.com,36,65771.03,HR,2018-02-10,True,3.1
129,Henry,Thomas,casey.lopez@company.com,47,38314.24,Marketing,2016-10-16,False,4.1
130,Alex,Anderson,noah.johnson@corp.com,63,62571.07,Marketing,2015-12-26,True,4.8
131,Bob,Sanchez,quinn.lopez@business.org,34,110569.57,Engineering,2017-07-12,True,4.0
132,Zoe,Smith,maya.williams@enterprise.net,53,9319.92,Marketing,2018-06-11,True,3.9
133,Kate,Williams,henry.smith@enterprise.net,60,82394.81,Marketing,2021-07-10,False,4.3
134,Maya,Martinez,drew.brown@enterprise.net,53,86142.5,Marketing,2025-08-01,True,2.8
135,Ivy,Davis,zoe.jones@business.org,25,37833.05,Marketing,2019-07-02,True,4.2
136,Charlie,Gonzalez,bob.martinez@corp.com,51,55611.22,HR,2015-11-24,True,1.0
137,Grace,Thompson,wendy.clark@business.org,58,44985.66,Operations,2019-06-26,True,4.7
138,Drew,Davis,yara.thompson@corp.com,44,102079.31,Operations,2024-02-14,True,2.8
139,Sam,Martinez,olivia.martin@company.com,60,87060.51,Engineering,2024-04-29,True,3.2
140,Casey,Perez,casey.williams@company.com,36,88028.51,Sales,2025-03-28,False,2.0
141,Wendy,Jackson,ivy.miller@business.org,64,67412.94,Sales,2025-08-26,True,4.0
142,Kate,Lopez,rachel.white@firm.co,50,91241.84,Marketing,2019-04-15,True,1.3
143,Grace,Thomas,quinn.wilson@company.com,57,64835.27,Operations,2019-01-07,True,4.5
144,Uma,Moore,yara.martinez@business.org,34,92183.15,HR,2021-04-15,False,4.3
145,Peter,Taylor,jack.brown@company.com,53,62026.07,Marketing,2019-09-07,True,1.9
146,Maya,Lopez,henry.wilson@firm.co,28,51415.16,Marketing,2019-07-27,False,4.2
147,Casey,Wilson,olivia.williams@company.com,43,101219.01,Operations,2024-10-02,True,4.1
148,Drew,White,alex.thomas@firm.co,49,64583.02,HR,2022-04-16,True,3.5
149,Uma,Moore,rachel.smith@firm.co,23,47024.0,Finance,2023-05-09,True,2.5
150,Olivia,Hernandez,sam.davis@business.org,63,46807.32,Operations,2017-04-25,True,2.1
151,Eve,Lopez,jack.wilson@company.com,27,46868.43,Engineering,2017-05-24,True,1.9
152,Ivy,Thompson,tara.lopez@business.org,49,81888.85,Sales,2017-07-26,True,2.3
153,Eve,Anderson,sam.wilson@business.org,49,63022.74,HR,2021-11-07,True,4.6
154,Henry,Rodriguez,victor.perez@company.com,41,110959.18,Sales,2023-05-02,True,1.3
155,Xander,Martinez,quinn.lopez@company.com,51,88723.56,HR,2021-01-29,True,4.3
156,Rachel,Rodriguez,quinn.moore@firm.co,32,70142.76,Operations,2018-06-19,True,2.4
157,Rachel,Davis,zoe.taylor@firm.co,49,93077.95,HR,2016-02-28,True,3.1
158,Ivy,Brown,alice.gonzalez@corp.com,46,55089.85,Finance,2019-12-17,True,4.2
159,Xander,White,bob.lee@corp.com,60,27904.28,Marketing,2024-02-10,True,4.5
160,Sam,Miller,liam.rodriguez@company.com,54,45208.34,Engineering,2023-11-26,False,2.4
161,Noah,Hernandez,liam.sanchez@company.com,22,67944.16,Finance,2023-08-24,True,2.8
162,Casey,Brown,liam.davis@company.com,48,60549.17,Sales,2023-03-26,True,2.7
163,Sam,White,yara.jackson@enterprise.net,34,81488.31,Engineering,2018-10-16,False,1.1
164,Maya,Moore,eve.johnson@enterprise.net,62,62507.72,Marketing,2016-05-06,True,2.2
165,Liam,Harris,rachel.hernandez@business.org,24,79960.69,Operations,2022-11-15,True,2.8
166,Henry,Thompson,alex.harris@corp.com,60,95019.43,Finance,2023-07-13,True,2.6
167,Eve,Garcia,wendy.thomas@business.org,27,62446.08,HR,2024-06-03,False,3.9
168,Quinn,Miller,zoe.jones@company.com,29,76102.91,Sales,2023-09-04,True,2.5
169,Peter,Miller,wendy.harris@corp.com,48,29904.26,Finance,2018-03-08,True,3.0
170,Charlie,White,bob.martinez@business.org,30,62522.12,Finance,2016-09-27,True,2.7
171,Yara,Thomas,bob.sanchez@business.org,58,40360.84,Engineering,2019-05-07,True,4.0
172,Bob,Rodriguez,casey.johnson@enterprise.net,54,67904.54,Sales,2016-02-25,True,4.5
173,Blake,White,drew.martinez@firm.co,63,69720.0,Sales,2025-02-05,True,3.1
174,Diana,Jackson,maya.clark@firm.co,45,69653.53,Sales,2016-02-28,True,4.2
175,Eve,Harris,peter.rodriguez@company.com,36,55397.55,Engineering,2017-04-14,True,2.2
176,Uma,Taylor,yara.lee@business.org,53,110969.38,Sales,2019-07-21,True,3.2
177,Frank,Martin,jack.lopez@company.com,53,39639.57,Engineering,2020-07-14,True,2.4
178,Zoe,Martinez,blake.lee@enterprise.net,45,38417.08,HR,2018-06-24,True,2.7
179,Victor,Brown,ivy.brown@enterprise.net,62,98099.57,Engineering,2019-07-18,True,3.9
180,Noah,Clark,noah.gonzalez@corp.com,33,50914.42,Marketing,2024-11-20,True,4.5
181,Tara,Miller,casey.gonzalez@enterprise.net,60,46106.19,Operations,2022-06-13,True,1.5
182,Charlie,Martinez,frank.thomas@corp.com,23,111058.24,Sales,2018-03-05,True,3.5
183,Maya,Davis,liam.sanchez@firm.co,24,84714.45,Marketing,2024-12-14,True,3.3
184,Maya,Lopez,ivy.sanchez@company.com,58,53110.71,Marketing,2022-11-24,True,1.5
185,Tara,Garcia,xander.wilson@company.com,38,69350.16,HR,2024-08-09,True,1.8
186,Olivia,Martinez,noah.martin@business.org,23,103917.43,Finance,2023-06-30,True,2.2
187,Quinn,Smith,rachel.martinez@enterprise.net,23,78832.41,HR,2017-07-27,False,1.7
188,Ivy,Thompson,diana.williams@enterprise.net,49,90722.97,Operations,2019-03-13,False,2.0
189,Rachel,Moore,victor.martinez@enterprise.net,44,81096.06,Engineering,2020-03-30,True,2.1
190,Blake,Jones,olivia.martin@corp.com,58,83605.07,Operations,2021-12-30,True,2.3
191,Alice,Rodriguez,frank.thompson@corp.com,53,65794.83,Engineering,2021-09-14,False,4.0
192,Victor,Johnson,liam.anderson@company.com,54,65226.97,Sales,2024-04-08,True,3.3
193,Xander,Johnson,xander.lopez@firm.co,22,70341.01,Marketing,2018-03-07,True,4.9
194,Diana,Moore,noah.rodriguez@company.com,40,79689.06,HR,2018-05-11,True,2.7
195,Victor,Martinez,charlie.perez@corp.com,23,59333.69,Finance,2023-01-29,True,4.0
196,Casey,Thompson,liam.taylor@business.org,47,67441.08,HR,2024-08-02,True,4.5
197,Rachel,Jones,alice.jones@firm.co,53,58793.09,Sales,2022-07-06,True,3.7
198,Yara,Lee,victor.sanchez@corp.com,27,67313.7,HR,2018-10-05,True,2.6
199,Ivy,Harris,bob.jones@company.com,53,39980.07,Finance,2024-12-04,True,4.0
200,Yara,Thomas,henry.harris@enterprise.net,25,117119.55,Finance,2023-07-16,True,1.8
201,Uma,Brown,liam.gonzalez@firm.co,32,50341.2,Marketing,2022-02-22,True,2.3
202,Kate,Smith,bob.martin@business.org,38,57770.79,Marketing,2020-04-04,True,3.2
203,Diana,Jackson,victor.anderson@enterprise.net,59,48614.71,Sales,2020-08-27,True,3.3
204,Jack,Martinez,liam.anderson@company.com,45,77314.17,Marketing,2022-01-10,True,1.1
205,Noah,Thomas,sam.jones@firm.co,26,61079.95,Operations,2018-10-18,True,4.8
206,Frank,Thomas,liam.gonzalez@enterprise.net,55,45723.85,Operations,2018-04-25,True,3.8
207,Olivia,Anderson,uma.rodriguez@business.org,27,78137.67,Engineering,2022-04-12,False,3.0
208,Alice,Hernandez,diana.smith@business.org,43,80832.98,Marketing,2017-12-06,True,4.7
209,Xander,Garcia,peter.taylor@corp.com,32,63662.47,Engineering,2019-02-27,False,2.8
210,Casey,Johnson,drew.moore@company.com,37,51727.48,HR,2023-12-31,True,4.9
211,Xander,Rodriguez,ivy.harris@enterprise.net,54,108821.32,Engineering,2019-05-14,True,3.0
212,Ivy,Thomas,wendy.anderson@business.org,30,71801.35,Sales,2019-05-09,True,1.5
213,Quinn,Brown,tara.martinez@corp.com,27,39518.62,Finance,2021-08-15,False,4.1
214,Yara,Clark,grace.brown@business.org,37,93280.81,Sales,2016-08-25,True,3.7
215,Frank,Williams,blake.williams@corp.com,50,47884.51,Sales,2022-02-28,True,4.1
216,Quinn,Gonzalez,frank.thompson@corp.com,24,119837.57,Operations,2020-11-26,True,4.8
217,Drew,Thomas,charlie.sanchez@enterprise.net,41,66593.16,Sales,2023-10-26,True,4.1
218,Diana,Williams,victor.lopez@company.com,57,85266.32,Operations,2025-08-27,True,3.4
219,Blake,Jackson,rachel.moore@enterprise.net,40,23399.65,Sales,2022-03-13,False,4.4
220,Uma,Lee,casey.martinez@business.org,47,39317.18,Marketing,2022-12-12,True,3.7
221,Jack,Perez,wendy.thompson@business.org,24,91677.19,Operations,2016-11-23,True,2.6
222,Alex,Johnson,zoe.lopez@firm.co,40,71356.3,HR,2023-03-23,True,4.5
223,Uma,Jones,henry.brown@business.org,41,105847.93,Finance,2017-09-20,True,1.9
224,Quinn,Jones,zoe.jones@business.org,53,74703.5,Engineering,2017-05-30,True,3.9
225,Tara,Sanchez,zoe.thomas@company.com,28,67905.92,Operations,2018-07-10,True,4.5
226,Grace,Jackson,liam.moore@firm.co,62,99271.48,Engineering,2020-10-25,True,3.9
227,Eve,Martinez,liam.anderson@firm.co,54,85202.74,HR,2022-08-09,False,3.8
228,Liam,Williams,eve.martin@company.com,61,61074.78,Sales,2016-04-14,True,4.0
229,Yara,Davis,charlie.martinez@corp.com,60,43117.92,Operations,2021-09-04,True,2.9
230,Frank,Brown,wendy.white@corp.com,39,17567.69,Sales,2024-03-14,True,4.5
231,Rachel,Moore,quinn.wilson@corp.com,61,56246.69,Finance,2018-02-01,False,1.8
232,Yara,Harris,alex.jackson@company.com,22,41273.3,Engineering,2017-06-27,True,1.5
233,Drew,Wilson,eve.hernandez@company.com,32,116954.09,Sales,2021-12-27,True,2.1
234,Quinn,Martin,olivia.anderson@firm.co,49,51992.58,Marketing,2015-11-12,False,3.1
235,Drew,Martin,liam.jones@firm.co,46,51445.82,Finance,2020-04-29,True,3.0
236,Alice,Sanchez,uma.jackson@business.org,44,34575.1,Marketing,2020-07-08,True,4.3
237,Tara,Martin,yara.jones@corp.com,52,59673.65,Operations,2020-09-17,True,2.6
238,Kate,Davis,quinn.johnson@company.com,51,51709.3,Operations,2021-09-07,False,2.9
239,Peter,Harris,quinn.jones@enterprise.net,63,99754.59,Operations,2017-01-07,True,1.1
240,Alice,Taylor,frank.garcia@enterprise.net,56,68369.52,Marketing,2022-04-13,True,2.6
241,Diana,Gonzalez,drew.thompson@business.org,28,64822.72,HR,2020-03-31,True,3.6
242,Drew,Anderson,liam.taylor@enterprise.net,37,62306.54,HR,2019-07-10,True,1.1
243,Liam,Anderson,blake.williams@enterprise.net,47,80723.5,Marketing,2024-06-27,True,2.1
244,Casey,Martinez,grace.lee@firm.co,23,55953.44,HR,2023-09-27,True,1.8
245,Alex,Jackson,ivy.jones@enterprise.net,22,78344.12,Marketing,2018-06-20,True,1.2
246,Zoe,Wilson,tara.moore@company.com,33,97279.4,Sales,2018-11-27,True,2.9
247,Jack,Martinez,quinn.lee@business.org,26,74201.5,HR,2024-10-15,True,1.7
248,Henry,Jackson,sam.jackson@business.org,58,60005.37,Marketing,2016-04-08,True,4.0
249,Bob,Martin,frank.perez@firm.co,53,45930.82,Operations,2022-07-24,False,4.4
250,Henry,Johnson,xander.martin@enterprise.net,30,59497.52,Finance,2016-01-29,True,3.2
251,Casey,Martin,alex.jackson@company.com,62,76261.58,Finance,2016-06-09,True,4.9
252,Sam,White,alex.smith@company.com,56,34349.45,HR,2024-02-20,True,2.8
253,Charlie,Brown,bob.lee@firm.co,40,81630.86,Finance,2019-09-01,True,3.1
254,Charlie,Harris,ivy.lee@business.org,37,69152.25,Engineering,2023-07-04,True,5.0
255,Xander,Miller,yara.jackson@corp.com,24,62016.22,Engineering,2022-10-03,True,1.9
256,Peter,Lee,tara.lee@company.com,41,51811.73,Finance,2017-06-25,True,4.8
257,Alex,Miller,peter.lee@firm.co,45,55472.45,Operations,2018-09-06,True,1.2
258,Charlie,Rodriguez,jack.lee@enterprise.net,54,76946.12,Marketing,2024-11-06,True,2.8
259,Yara,Perez,peter.davis@corp.com,45,62435.77,Finance,2017-07-20,True,1.3
260,Rachel,Williams,jack.anderson@company.com,32,54977.2,Operations,2024-11-11,True,3.9
261,Yara,Garcia,wendy.johnson@business.org,29,74371.27,Finance,2025-07-01,True,3.4
262,Eve,Davis,olivia.wilson@corp.com,57,75163.8,Finance,2016-03-07,True,3.8
263,Eve,Garcia,olivia.miller@enterprise.net,59,40016.5,Marketing,2020-01-08,True,2.5
264,Victor,Moore,tara.jones@enterprise.net,61,76429.61,Marketing,2018-08-16,False,2.5
265,Peter,Williams,blake.thompson@enterprise.net,41,115033.96,Operations,2025-05-11,True,1.2
266,Rachel,Garcia,xander.lopez@corp.com,56,74392.42,Engineering,2016-08-05,True,2.4
267,Frank,Smith,eve.harris@enterprise.net,46,31019.86,HR,2019-03-08,True,4.7
268,Ivy,Wilson,quinn.moore@company.com,56,68547.51,Engineering,2019-03-20,True,2.5
269,Quinn,Anderson,kate.davis@corp.com,46,28383.69,Marketing,2021-03-01,True,4.3
270,Blake,Thompson,diana.rodriguez@corp.com,50,128347.43,Marketing,2017-01-30,False,4.4
271,Tara,Martin,henry.jones@company.com,39,109713.49,Operations,2019-02-03,True,2.5
272,Noah,Thomas,bob.martinez@corp.com,39,51681.23,Marketing,2023-04-28,True,3.5
273,Grace,Martinez,blake.martin@corp.com,23,20086.66,Marketing,2025-04-18,True,1.4
274,Drew,Johnson,henry.garcia@enterprise.net,56,47432.58,Marketing,2019-07-10,False,1.4
275,Rachel,Davis,drew.jackson@enterprise.net,37,61380.19,Operations,2022-10-14,True,1.2
276,Yara,Martinez,grace.harris@business.org,62,29762.73,Operations,2019-08-12,True,3.3
277,Xander,Thompson,peter.taylor@corp.com,57,63619.55,Operations,2019-08-28,True,2.7
278,Wendy,Martinez,peter.martinez@corp.com,54,61248.43,Marketing,2020-05-31,True,3.2
279,Grace,Thompson,alice.williams@corp.com,25,67503.09,Sales,2018-05-17,True,3.1
280,Wendy,Anderson,quinn.anderson@business.org,54,69592.9,Sales,2017-01-05,False,2.4
281,Jack,Williams,grace.jackson@enterprise.net,35,45687.65,Finance,2024-01-16,True,3.7
282,Maya,Perez,bob.johnson@enterprise.net,42,47931.72,Sales,2021-08-09,False,4.0
283,Victor,Davis,peter.martin@corp.com,41,65911.84,Engineering,2021-04-22,True,1.1
284,Uma,Rodriguez,jack.moore@company.com,29,52380.16,Finance,2023-03-16,True,1.8
285,Liam,Sanchez,blake.brown@corp.com,28,83149.9,HR,2017-01-18,True,3.9
286,Olivia,Sanchez,eve.rodriguez@enterprise.net,24,65717.89,Operations,2019-02-04,True,2.5
287,Casey,Lee,yara.gonzalez@enterprise.net,38,102300.06,Marketing,2017-06-26,False,3.6
288,Quinn,Jackson,bob.gonzalez@company.com,54,81409.65,Operations,2016-02-05,True,2.4
289,Olivia,Perez,sam.moore@business.org,33,87074.28,Sales,2022-06-12,True,2.6
290,Diana,Sanchez,liam.moore@enterprise.net,43,67651.32,Operations,2024-03-16,True,1.6
291,Henry,Miller,charlie.gonzalez@firm.co,43,68147.23,Engineering,2020-06-30,True,2.0
292,Henry,Wilson,olivia.harris@firm.co,51,99626.41,Operations,2020-02-02,True,3.4
293,Charlie,Brown,ivy.clark@firm.co,59,57434.14,HR,2019-12-26,True,2.7
294,Kate,Moore,victor.martin@company.com,59,75935.59,Marketing,2024-09-10,True,4.1
295,Alice,Davis,eve.brown@corp.com,29,59675.25,Marketing,2021-04-04,False,4.4
296,Sam,Lee,liam.sanchez@enterprise.net,48,59627.28,HR,2021-08-17,True,3.2
297,Rachel,Jones,rachel.lopez@business.org,48,41622.07,HR,2020-01-29,True,4.0
298,Henry,Rodriguez,grace.martin@firm.co,55,50149.71,HR,2025-08-03,True,2.2
299,Sam,Clark,maya.taylor@company.com,42,46434.61,Operations,2018-04-11,True,2.7
300,Henry,Jones,bob.johnson@business.org,51,76887.38,Engineering,2023-01-11,True,3.9
301,Alice,Williams,wendy.hernandez@corp.com,54,85804.12,Finance,2016-03-13,True,2.5
302,Charlie,Johnson,quinn.anderson@business.org,49,63104.93,Operations,2016-08-30,False,3.4
303,Wendy,Garcia,tara.taylor@business.org,54,69592.56,Finance,2018-10-27,True,1.7
304,Uma,Sanchez,kate.martin@enterprise.net,26,61950.57,Sales,2018-01-13,True,3.4
305,Bob,Martinez,frank.gonzalez@firm.co,40,48784.48,Marketing,2023-11-06,True,4.4
306,Henry,Martin,xander.clark@enterprise.net,25,82245.26,Operations,2017-03-20,True,4.5
307,Charlie,White,sam.hernandez@firm.co,56,78050.69,Operations,2019-12-11,True,3.9
308,Casey,Clark,alex.taylor@firm.co,38,27149.08,Sales,2024-02-19,True,4.0
309,Bob,Jackson,peter.thompson@firm.co,49,59337.82,Operations,2020-09-14,True,3.2
310,Blake,Martinez,jack.thomas@company.com,51,47359.45,Finance,2023-12-03,True,3.3
311,Kate,Anderson,liam.hernandez@company.com,50,57181.23,Operations,2023-09-13,True,1.5
312,Charlie,Brown,noah.jackson@enterprise.net,27,51591.37,HR,2019-05-11,True,2.8
313,Quinn,Anderson,zoe.white@company.com,56,64071.59,Operations,2019-05-13,False,2.8
314,Henry,Thompson,tara.thomas@enterprise.net,62,58401.71,Marketing,2018-04-25,True,4.8
315,Ivy,Martinez,uma.sanchez@firm.co,58,57977.19,Finance,2015-12-05,True,2.7
316,Victor,Thompson,sam.davis@company.com,45,87147.77,Marketing,2024-01-26,True,3.2
317,Peter,Gonzalez,sam.thomas@business.org,50,76143.57,Sales,2017-06-15,True,3.1
318,Grace,Rodriguez,quinn.lee@firm.co,52,50922.11,Operations,2017-07-01,True,3.5
319,Rachel,Taylor,yara.clark@corp.com,56,53889.07,Finance,2020-04-14,True,4.0
320,Eve,Moore,eve.clark@business.org,54,74835.86,Sales,2021-09-07,False,1.9
321,Xander,Thomas,bob.jackson@company.com,42,74808.39,Marketing,2025-04-03,True,3.1
322,Drew,Anderson,grace.smith@corp.com,53,52924.4,Engineering,2023-04-03,True,4.3
323,Casey,Williams,kate.wilson@business.org,44,60320.19,HR,2017-03-03,True,2.9
324,Sam,Martin,noah.thompson@business.org,54,101936.12,Sales,2020-03-28,True,2.1
325,Sam,Johnson,noah.taylor@firm.co,24,53269.04,Operations,2023-02-09,True,3.6
326,Peter,Wilson,drew.thomas@company.com,39,103216.09,Marketing,2025-01-01,True,4.3
327,Henry,White,wendy.jones@firm.co,46,87073.34,Operations,2022-09-29,False,1.3
328,Zoe,Hernandez,grace.moore@enterprise.net,63,99508.33,Finance,2021-07-25,True,4.1
329,Peter,Martin,victor.thomas@firm.co,52,52418.56,Sales,2023-01-31,True,4.3
330,Zoe,Rodriguez,maya.hernandez@business.org,24,61628.88,Operations,2025-03-24,True,2.8
331,Noah,Smith,olivia.moore@enterprise.net,61,56016.72,Marketing,2018-03-18,False,4.9
332,Grace,Williams,rachel.lopez@enterprise.net,45,87535.06,Operations,2023-05-23,True,4.1
333,Diana,Davis,tara.thomas@business.org,53,53646.32,Engineering,2019-11-25,True,4.1
334,Diana,Perez,henry.rodriguez@firm.co,43,79624.31,Sales,2016-10-31,True,4.0
335,Victor,Clark,jack.davis@enterprise.net,44,78565.99,Marketing,2021-08-28,True,1.6
336,Noah,Jackson,yara.martinez@business.org,23,64039.41,Sales,2021-05-10,True,1.9
337,Liam,Jackson,wendy.thompson@corp.com,48,90973.19,Operations,2020-06-10,True,2.9
338,Noah,Smith,kate.thomas@enterprise.net,63,67153.6,Marketing,2020-08-10,True,2.1
339,Noah,Harris,rachel.sanchez@enterprise.net,23,81681.71,HR,2015-10-28,False,2.7
340,Olivia,Perez,jack.brown@firm.co,47,55105.93,Marketing,2025-03-09,True,4.6
341,Blake,Clark,victor.moore@corp.com,38,50531.26,Marketing,2025-04-05,True,4.3
342,Xander,Rodriguez,casey.gonzalez@enterprise.net,61,79622.91,Marketing,2018-06-08,True,3.5
343,Bob,Jackson,yara.sanchez@business.org,54,73616.8,Finance,2022-01-27,True,4.4
344,Victor,Johnson,jack.johnson@enterprise.net,30,69866.15,Marketing,2024-07-20,True,4.1
345,Uma,Harris,wendy.williams@enterprise.net,64,58126.23,HR,2017-10-25,True,2.7
346,Uma,Harris,drew.anderson@enterprise.net,60,95984.19,Engineering,2019-11-11,True,1.8
347,Diana,Garcia,xander.thomas@business.org,50,42668.28,HR,2018-08-08,True,3.1
348,Bob,Thomas,grace.clark@firm.co,63,41573.14,Engineering,2016-05-27,True,3.9
349,Maya,Taylor,ivy.moore@enterprise.net,47,83843.33,Operations,2022-08-22,True,2.7
350,Xander,Lee,eve.brown@firm.co,56,82201.93,Finance,2016-05-06,False,3.7
351,Kate,Anderson,xander.jackson@business.org,46,72075.26,Finance,2017-05-22,True,1.4
352,Zoe,Rodriguez,henry.johnson@firm.co,45,59240.96,Finance,2022-10-03,True,4.0
353,Blake,Garcia,henry.lee@business.org,34,75048.44,Engineering,2019-03-21,True,4.3
354,Diana,Jackson,bob.brown@corp.com,28,99416.61,HR,2019-08-09,True,3.8
355,Henry,Wilson,kate.thompson@corp.com,57,115310.92,Sales,2019-04-25,True,4.9
356,Grace,Lee,diana.perez@business.org,41,31871.73,Finance,2023-10-04,True,4.3
357,Grace,Clark,alice.moore@business.org,22,56621.6,Engineering,2021-06-26,True,4.6
358,Rachel,Thomas,noah.lee@corp.com,29,55364.53,Operations,2018-05-18,True,4.7
359,Olivia,Williams,peter.lee@business.org,37,97530.39,HR,2021-06-18,True,4.2
360,Eve,Thomas,yara.martinez@enterprise.net,35,15374.1,Finance,2021-08-11,True,3.7
361,Noah,Lopez,jack.lee@company.com,33,75276.7,Marketing,2019-02-12,True,1.0
362,Frank,Wilson,drew.harris@company.com,44,59863.79,HR,2018-05-19,True,2.9
363,Ivy,Hernandez,uma.jackson@business.org,36,97762.25,Engineering,2016-05-03,True,3.3
364,Olivia,Hernandez,rachel.white@company.com,49,95020.78,Sales,2024-11-01,True,2.2
365,Henry,Perez,drew.garcia@corp.com,55,72310.13,Sales,2019-11-30,True,2.3
366,Blake,Brown,casey.clark@business.org,23,33405.54,Sales,2022-11-20,False,4.8
367,Drew,Garcia,drew.johnson@corp.com,53,53522.21,Marketing,2021-06-27,True,4.6
368,Charlie,Hernandez,zoe.thomas@business.org,44,55712.18,HR,2023-03-18,False,4.4
369,Olivia,Wilson,drew.white@enterprise.net,43,38470.9,Finance,2019-12-01,True,2.6
370,Zoe,Thompson,casey.johnson@company.com,46,88091.69,HR,2021-02-26,True,1.1
371,Blake,Thomas,jack.jackson@firm.co,43,35931.47,Sales,2021-10-01,True,1.3
372,Blake,Martinez,diana.hernandez@enterprise.net,43,104306.55,Marketing,2016-07-17,True,2.2
373,Rachel,Perez,olivia.lee@firm.co,63,104256.45,Operations,2015-12-23,False,1.1
374,Diana,Gonzalez,quinn.thomas@business.org,27,57298.79,Sales,2021-11-02,True,1.1
375,Bob,Clark,blake.taylor@corp.com,36,71569.91,Engineering,2020-03-31,True,4.7
376,Uma,Harris,ivy.miller@company.com,64,63554.33,HR,2016-10-26,True,3.8
377,Rachel,Moore,kate.garcia@corp.com,58,83036.5,Marketing,2020-04-20,True,2.2
378,Alex,Johnson,uma.rodriguez@business.org,54,90493.55,Operations,2018-12-07,True,1.5
379,Alice,Anderson,alice.white@enterprise.net,29,70159.94,Sales,2025-08-19,True,3.0
380,Charlie,Williams,zoe.martinez@firm.co,26,74382.33,Marketing,2020-01-30,True,1.0
381,Drew,Hernandez,victor.harris@business.org,60,52587.91,Operations,2015-10-26,True,4.8
382,Yara,Rodriguez,frank.martin@corp.com,25,73734.28,Engineering,2024-02-24,True,2.7
383,Blake,Hernandez,alex.wilson@firm.co,27,68255.24,Engineering,2020-10-10,True,2.6
384,Henry,Brown,kate.williams@corp.com,53,46764.11,HR,2023-11-07,True,2.6
385,Frank,Harris,victor.brown@business.org,51,64719.26,Marketing,2023-02-16,False,1.3
386,Noah,Gonzalez,eve.thomas@enterprise.net,56,57336.35,Sales,2024-11-04,True,3.6
387,Peter,Taylor,drew.davis@company.com,61,52810.09,Sales,2019-12-09,True,3.9
388,Peter,Clark,ivy.gonzalez@business.org,37,42070.18,Finance,2018-06-29,True,3.7
389,Grace,Smith,olivia.harris@enterprise.net,34,66250.05,Sales,2022-07-23,True,1.6
390,Blake,Perez,kate.martinez@firm.co,63,49390.52,HR,2023-05-03,True,3.3
391,Maya,Moore,xander.jackson@company.com,51,55577.84,Engineering,2024-01-09,False,3.3
392,Casey,Anderson,ivy.lee@enterprise.net,40,86502.49,Sales,2023-08-12,True,4.5
393,Bob,Wilson,wendy.davis@company.com,38,77642.32,Finance,2023-12-11,False,2.5
394,Frank,Johnson,victor.brown@corp.com,40,45424.67,HR,2021-08-24,True,2.5
395,Maya,Miller,jack.garcia@corp.com,49,72037.82,Operations,2018-12-16,True,3.5
396,Alice,Taylor,victor.taylor@enterprise.net,47,67655.61,HR,2017-08-30,True,3.5
397,Maya,Lopez,wendy.brown@enterprise.net,58,99033.92,HR,2016-07-18,True,2.9
398,Ivy,Martin,liam.martin@business.org,47,92662.9,HR,2024-05-19,True,2.8
399,Drew,Harris,henry.jones@corp.com,44,34325.03,HR,2018-04-18,True,3.0
400,Zoe,Thomas,eve.anderson@firm.co,30,82222.55,HR,2023-02-15,True,4.4
401,Zoe,Lee,liam.wilson@firm.co,33,90303.95,Engineering,2021-01-21,True,2.8
402,Olivia,Anderson,drew.thomas@firm.co,22,76187.18,Engineering,2016-08-11,True,4.8
403,Jack,Harris,zoe.perez@business.org,22,58291.76,Finance,2022-01-02,True,3.0
404,Noah,Johnson,yara.davis@firm.co,55,113267.88,Sales,2017-08-18,True,4.8
405,Wendy,Miller,blake.sanchez@company.com,53,78028.19,Operations,2024-06-08,True,4.3
406,Xander,Rodriguez,quinn.anderson@firm.co,46,104530.89,Marketing,2020-04-22,True,2.4
407,Zoe,Moore,wendy.lopez@company.com,61,92029.57,Engineering,2018-02-19,True,4.5
408,Rachel,Jones,drew.jackson@company.com,22,74282.69,Marketing,2020-05-03,True,1.4
409,Victor,Martinez,bob.clark@firm.co,37,53405.98,Finance,2020-05-02,True,4.7
410,Wendy,Anderson,casey.taylor@business.org,60,64517.9,Sales,2023-05-06,False,3.5
411,Peter,Thompson,sam.moore@business.org,26,60561.75,Engineering,2019-01-31,True,1.2
412,Eve,Thomas,frank.hernandez@firm.co,43,40709.62,Operations,2023-11-25,True,3.6
413,Grace,Brown,olivia.brown@business.org,50,78005.63,Engineering,2018-06-13,True,4.9
414,Jack,Smith,wendy.jackson@corp.com,24,96347.06,Operations,2016-05-12,True,1.3
415,Grace,Lee,charlie.taylor@corp.com,33,59033.93,Operations,2021-02-05,True,3.2
416,Bob,Martin,zoe.johnson@corp.com,47,108273.13,Sales,2025-06-16,True,4.0
417,Sam,Sanchez,eve.taylor@corp.com,37,33848.34,Sales,2022-12-22,True,4.2
418,Xander,Davis,olivia.jackson@company.com,58,86087.27,Operations,2025-03-23,True,2.7
419,Rachel,Thompson,rachel.anderson@enterprise.net,43,98430.4,Marketing,2024-04-10,True,1.8
420,Bob,Garcia,xander.smith@corp.com,50,60919.39,Marketing,2019-04-11,True,1.2
421,Xander,Martinez,ivy.clark@company.com,35,61278.87,Sales,2019-01-24,True,3.3
422,Kate,Moore,xander.miller@firm.co,49,85855.3,Engineering,2023-11-26,False,2.8
423,Bob,Smith,charlie.johnson@corp.com,26,75119.82,HR,2024-03-13,True,4.8
424,Bob,Moore,liam.thompson@company.com,51,25051.77,Finance,2018-08-25,False,1.2
425,Sam,Wilson,rachel.johnson@company.com,26,48132.54,Finance,2019-12-17,True,3.7
426,Peter,Williams,drew.thomas@company.com,33,64729.01,Marketing,2025-04-08,True,1.1
427,Quinn,Davis,jack.wilson@business.org,37,37606.04,Sales,2019-04-16,True,1.7
428,Drew,Clark,yara.jones@corp.com,47,55516.51,Engineering,2024-01-23,True,2.8
429,Blake,Brown,liam.gonzalez@corp.com,47,38106.29,Engineering,2025-01-29,True,2.8
430,Quinn,Anderson,blake.gonzalez@corp.com,42,57596.59,Marketing,2023-11-04,True,3.7
431,Frank,Brown,charlie.perez@firm.co,60,58267.55,Marketing,2022-10-24,True,4.6
432,Bob,Lee,eve.lee@enterprise.net,57,72035.09,HR,2023-09-09,True,3.6
433,Quinn,Clark,diana.garcia@firm.co,54,63164.81,Operations,2019-11-30,True,4.8
434,Charlie,Jones,maya.taylor@business.org,51,75055.79,Finance,2021-02-28,True,4.5
435,Blake,Thomas,xander.davis@company.com,58,72670.88,Finance,2018-12-27,True,3.3
436,Frank,Thompson,yara.smith@enterprise.net,44,85626.8,Finance,2019-05-22,True,4.3
437,Charlie,Martinez,olivia.perez@firm.co,31,82475.66,Marketing,2018-07-23,False,3.6
438,Tara,Taylor,noah.moore@corp.com,26,80362.48,HR,2025-07-01,False,1.3
439,Charlie,Thompson,alex.davis@business.org,57,127097.35,Operations,2015-11-09,True,4.0
440,Victor,Rodriguez,olivia.lopez@business.org,55,71948.05,Sales,2017-08-21,True,1.4
441,Blake,Wilson,ivy.miller@company.com,52,116871.43,Marketing,2017-07-18,True,3.4
442,Henry,Clark,bob.sanchez@corp.com,31,73244.37,HR,2018-04-15,True,3.8
443,Maya,Thomas,tara.harris@company.com,40,63342.98,Marketing,2016-06-30,True,1.3
444,Diana,Thomas,henry.miller@company.com,53,57536.7,Sales,2022-07-12,True,1.9
445,Casey,Davis,diana.martin@company.com,22,95194.52,Sales,2024-09-29,True,4.7
446,Sam,Anderson,olivia.martin@company.com,26,97810.07,HR,2023-04-12,True,3.5
447,Henry,Moore,henry.white@company.com,25,76995.68,Engineering,2020-09-02,True,2.0
448,Sam,Jones,maya.anderson@business.org,37,87670.94,Sales,2018-11-27,True,3.8
449,Tara,Gonzalez,rachel.miller@company.com,45,39455.59,Sales,2020-06-03,False,3.4
450,Bob,Miller,eve.taylor@enterprise.net,37,34024.4,Operations,2015-12-25,True,3.0
451,Tara,Martin,henry.clark@firm.co,23,89926.54,Sales,2020-04-22,True,4.9
452,Charlie,Taylor,kate.jackson@firm.co,49,62463.77,Sales,2023-10-18,False,3.7
453,Noah,White,yara.perez@enterprise.net,53,79986.05,Operations,2023-04-01,True,2.5
454,Victor,Jones,henry.martinez@business.org,48,50654.24,Engineering,2016-05-24,True,4.2
455,Sam,Williams,victor.taylor@business.org,41,98139.77,Finance,2021-02-06,True,4.5
456,Sam,Rodriguez,noah.martinez@enterprise.net,45,34191.63,Finance,2018-12-20,True,1.5
457,Quinn,Harris,bob.moore@firm.co,33,37288.3,Sales,2024-02-09,True,1.8
458,Kate,Sanchez,casey.white@business.org,56,93886.23,Engineering,2016-10-18,True,1.9
459,Drew,Wilson,uma.perez@corp.com,54,12803.16,Marketing,2019-03-05,False,3.8
460,Ivy,Hernandez,rachel.thomas@company.com,54,72571.38,Operations,2016-07-04,True,3.4
461,Grace,Sanchez,liam.lee@corp.com,64,62853.48,Operations,2017-02-06,True,3.5
462,Victor,Taylor,zoe.taylor@enterprise.net,58,50280.96,Engineering,2023-09-02,True,4.8
463,Wendy,Rodriguez,wendy.wilson@corp.com,33,61001.2,HR,2018-09-20,True,4.1
464,Kate,Clark,eve.martinez@corp.com,24,48049.53,Operations,2018-04-24,True,1.5
465,Henry,Smith,frank.harris@firm.co,22,95845.12,Marketing,2019-12-24,True,2.4
466,Ivy,Martinez,peter.davis@business.org,54,101089.94,Finance,2022-09-28,True,2.7
467,Maya,White,jack.thompson@business.org,61,51285.25,Finance,2023-10-30,True,2.6
468,Eve,Martinez,zoe.anderson@company.com,31,70510.5,Engineering,2017-08-02,False,3.7
469,Victor,Clark,rachel.wilson@corp.com,64,38498.47,Finance,2018-01-07,True,4.6
470,Uma,Jackson,rachel.taylor@business.org,50,86461.04,Engineering,2021-11-12,True,2.2
471,Jack,Jackson,maya.davis@enterprise.net,34,85940.18,Operations,2020-08-15,True,3.2
472,Olivia,Perez,grace.hernandez@company.com,33,59094.76,Engineering,2019-01-07,False,4.2
473,Kate,Thomas,drew.anderson@enterprise.net,52,65337.7,Operations,2019-01-31,True,2.7
474,Drew,Jones,charlie.moore@business.org,23,63124.69,Engineering,2024-12-08,False,1.7
475,Yara,Anderson,bob.rodriguez@corp.com,56,32630.84,Engineering,2023-02-17,True,2.9
476,Drew,Moore,victor.martin@firm.co,44,95920.08,Operations,2021-06-19,True,1.2
477,Charlie,Thomas,bob.williams@business.org,38,49660.94,Engineering,2021-05-21,True,4.8
478,Alice,Lopez,zoe.harris@firm.co,47,49797.01,HR,2024-03-23,True,1.3
479,Olivia,Hernandez,xander.perez@firm.co,29,61991.6,HR,2024-06-28,True,2.8
480,Tara,Moore,grace.thomas@business.org,50,84910.97,HR,2025-07-10,True,3.1
481,Sam,Harris,blake.hernandez@enterprise.net,47,53173.94,Engineering,2023-06-10,True,4.9
482,Diana,Moore,drew.smith@business.org,31,25956.3,Finance,2019-11-05,True,1.7
483,Charlie,Gonzalez,drew.miller@company.com,47,47260.04,Marketing,2016-01-26,False,1.5
484,Rachel,Anderson,xander.harris@corp.com,55,73482.81,HR,2020-01-20,True,1.0
485,Grace,Hernandez,drew.davis@firm.co,62,108795.01,Operations,2018-01-12,False,1.6
486,Quinn,Miller,wendy.miller@corp.com,28,39801.6,Sales,2020-12-31,True,1.8
487,Ivy,Thompson,drew.davis@firm.co,25,39069.96,Sales,2016-06-09,True,3.5
488,Eve,Davis,kate.harris@enterprise.net,32,34748.09,Operations,2024-01-12,True,1.9
489,Drew,Jackson,maya.anderson@firm.co,50,32265.5,Operations,2018-12-01,True,1.1
490,Liam,Gonzalez,uma.lopez@enterprise.net,57,89113.83,Operations,2024-08-17,True,4.3
491,Casey,Davis,ivy.lopez@firm.co,46,94893.77,Engineering,2023-09-20,True,2.5
492,Charlie,Harris,casey.thomas@corp.com,42,68555.12,Marketing,2020-05-15,True,2.4
493,Casey,Wilson,diana.sanchez@corp.com,57,55645.74,HR,2018-10-24,False,2.2
494,Henry,Johnson,yara.clark@enterprise.net,31,100822.88,Operations,2018-12-25,True,4.9
495,Liam,Hernandez,drew.miller@enterprise.net,58,68478.16,Engineering,2025-04-09,True,1.7
496,Jack,White,kate.wilson@company.com,30,86788.73,Operations,2015-11-12,False,4.6
497,Frank,Thomas,sam.davis@business.org,45,54671.02,Finance,2016-12-01,True,4.1
498,Olivia,Thompson,alice.rodriguez@firm.co,56,65884.88,Marketing,2019-10-01,True,1.3
499,Alex,Sanchez,drew.jackson@firm.co,56,40253.17,Finance,2020-01-24,True,4.9
500,Rachel,Gonzalez,xander.wilson@enterprise.net,57,77584.98,Finance,2017-04-09,True,2.1
501,Wendy,Gonzalez,eve.miller@enterprise.net,39,68818.76,Operations,2024-05-22,True,1.4
502,Jack,Perez,henry.gonzalez@firm.co,60,47108.74,Sales,2024-08-30,True,4.3
503,Tara,Sanchez,alex.davis@corp.com,53,47377.86,HR,2020-04-19,True,3.8
504,Zoe,Clark,rachel.lee@enterprise.net,45,97319.17,Engineering,2018-04-25,True,3.5
505,Uma,Lee,ivy.harris@corp.com,44,104433.38,Finance,2024-03-31,True,1.6
506,Quinn,Jones,xander.lee@corp.com,53,60737.29,Operations,2018-12-10,True,2.9
507,Alice,Thomas,olivia.garcia@enterprise.net,58,66355.07,Finance,2019-08-30,True,4.1
508,Victor,Johnson,frank.jones@firm.co,33,73002.29,Engineering,2016-06-05,True,2.2
509,Alex,Jones,peter.garcia@firm.co,34,67960.64,Marketing,2025-09-11,True,2.2
510,Rachel,Taylor,uma.johnson@firm.co,44,31514.05,Engineering,2017-01-07,True,1.0
511,Jack,Jackson,bob.clark@company.com,46,73557.41,Engineering,2018-02-05,False,1.7
512,Drew,Hernandez,alex.perez@company.com,56,23242.22,HR,2018-06-05,True,4.5
513,Victor,Brown,yara.smith@corp.com,62,50346.32,Sales,2020-11-13,True,2.8
514,Diana,Anderson,eve.clark@business.org,51,75108.54,Finance,2019-11-08,True,4.9
515,Casey,Brown,charlie.thompson@business.org,38,76999.88,Sales,2020-12-27,True,2.6
516,Eve,Taylor,alice.miller@firm.co,41,48798.54,Marketing,2021-07-21,True,3.9
517,Ivy,Anderson,olivia.lopez@company.com,46,55831.26,Finance,2015-11-24,True,2.1
518,Diana,Smith,tara.lee@firm.co,43,53123.27,Sales,2025-03-22,True,2.5
519,Casey,White,drew.thomas@corp.com,34,62943.12,Marketing,2017-11-19,True,1.8
520,Diana,Jones,alice.smith@firm.co,40,64464.11,Operations,2019-10-07,True,2.4
521,Xander,Wilson,rachel.wilson@company.com,57,78369.36,HR,2020-11-23,False,3.2
522,Rachel,Lee,alice.taylor@enterprise.net,33,54662.06,Marketing,2023-02-19,True,5.0
523,Eve,Jones,rachel.martinez@company.com,62,72467.92,Sales,2016-09-16,True,3.7
524,Ivy,Williams,quinn.clark@corp.com,40,75140.32,Engineering,2020-04-20,True,1.8
525,Jack,Thomas,zoe.garcia@company.com,33,68965.79,Finance,2016-11-07,True,1.2
526,Tara,Sanchez,drew.brown@firm.co,30,59807.88,HR,2017-02-01,True,1.5
527,Grace,Rodriguez,eve.davis@business.org,28,68612.91,Sales,2021-06-07,True,3.3
528,Wendy,Hernandez,tara.taylor@enterprise.net,49,80034.81,Operations,2021-10-11,True,4.1
529,Kate,Martin,alex.lopez@enterprise.net,35,81783.7,HR,2019-02-07,True,4.8
530,Grace,Thompson,zoe.gonzalez@company.com,52,101307.45,Marketing,2016-09-07,True,1.1
531,Victor,Gonzalez,liam.gonzalez@corp.com,40,45199.48,Sales,2017-05-24,True,3.1
532,Uma,Lee,sam.davis@business.org,37,56199.85,Engineering,2017-03-02,True,2.9
533,Blake,Williams,jack.perez@company.com,26,32730.63,Engineering,2016-04-26,True,3.6
534,Ivy,Hernandez,uma.lee@company.com,56,83620.19,Operations,2017-11-23,True,3.2
535,Quinn,Perez,charlie.gonzalez@corp.com,33,58309.85,Engineering,2019-04-01,True,3.7
536,Peter,Moore,maya.moore@corp.com,46,69123.82,Engineering,2024-08-11,True,3.6
537,Ivy,Gonzalez,bob.lee@company.com,42,52913.23,Finance,2020-12-08,False,1.5
538,Casey,Hernandez,wendy.garcia@company.com,57,58465.92,Operations,2024-03-16,True,4.2
539,Drew,Lee,peter.wilson@enterprise.net,44,89463.8,HR,2022-11-08,True,1.5
540,Blake,Thompson,sam.brown@firm.co,37,78884.67,Sales,2020-05-10,True,3.8
541,Bob,Harris,drew.johnson@business.org,60,62769.56,Engineering,2017-02-13,True,2.7
542,Charlie,Thomas,grace.thompson@firm.co,63,80356.28,Finance,2023-02-06,True,3.1
543,Uma,Moore,peter.rodriguez@company.com,60,80798.0,Engineering,2016-01-28,True,4.6
544,Noah,Johnson,drew.williams@enterprise.net,35,57171.49,Operations,2024-10-07,True,4.6
545,Alex,Martin,casey.moore@firm.co,52,35618.41,Operations,2022-07-13,True,4.3
546,Ivy,Williams,victor.johnson@business.org,26,47016.77,Engineering,2018-12-31,True,3.0
547,Bob,Davis,drew.hernandez@company.com,56,38189.43,Marketing,2015-11-16,True,3.9
548,Alice,Lee,grace.jackson@business.org,44,88288.69,Operations,2019-08-11,True,3.1
549,Kate,Perez,yara.clark@corp.com,50,91762.3,Sales,2021-02-15,False,4.5
550,Yara,Martinez,drew.williams@enterprise.net,64,96727.48,HR,2022-10-26,True,2.6
551,Eve,Davis,frank.jackson@business.org,32,24608.89,Marketing,2023-08-03,True,4.9
552,Uma,White,sam.clark@corp.com,39,86428.02,Marketing,2025-08-24,True,4.7
553,Ivy,Williams,victor.moore@enterprise.net,33,109243.83,HR,2017-10-03,False,4.0
554,Frank,Wilson,maya.harris@business.org,30,87239.75,Engineering,2017-05-15,True,2.1
555,Xander,Brown,zoe.thompson@company.com,31,21975.41,Engineering,2016-11-08,True,1.5
556,Olivia,Harris,quinn.white@enterprise.net,38,100365.97,Sales,2025-08-17,True,4.4
557,Rachel,Lee,bob.brown@corp.com,59,65833.78,Engineering,2019-03-24,True,1.7
558,Wendy,Thompson,henry.clark@company.com,28,60352.02,Marketing,2019-11-06,True,4.4
559,Noah,Brown,kate.martin@firm.co,34,74021.91,Marketing,2024-05-21,True,3.0
560,Rachel,Anderson,tara.gonzalez@enterprise.net,61,44019.86,Operations,2019-11-18,True,2.6
561,Alice,Garcia,alice.lee@enterprise.net,63,65055.65,Marketing,2025-08-17,True,4.6
562,Diana,Thompson,zoe.anderson@corp.com,30,97408.59,HR,2021-07-02,True,3.4
563,Charlie,Martinez,henry.lopez@firm.co,48,77447.94,Operations,2018-05-14,False,3.3
564,Casey,Smith,maya.wilson@business.org,23,66168.03,Engineering,2023-05-28,True,3.2
565,Wendy,Johnson,victor.jackson@corp.com,26,66792.16,Engineering,2017-12-29,True,2.5
566,Casey,Hernandez,charlie.harris@firm.co,50,41372.12,Engineering,2016-09-08,True,4.1
567,Eve,Sanchez,jack.sanchez@business.org,58,62000.24,Engineering,2022-03-02,False,2.0
568,Rachel,Johnson,wendy.williams@company.com,59,32314.09,Sales,2021-02-14,True,4.8
569,Bob,Martinez,ivy.jones@corp.com,40,85448.82,Operations,2021-08-24,False,4.6
570,Alex,Lopez,wendy.sanchez@business.org,29,21285.79,Operations,2024-07-06,True,2.3
571,Liam,Lopez,xander.gonzalez@enterprise.net,22,82098.01,Sales,2023-12-22,True,3.9
572,Sam,Wilson,liam.brown@company.com,43,84588.22,Marketing,2020-12-05,True,3.3
573,Rachel,Jones,alice.martinez@corp.com,38,91375.29,Marketing,2018-05-27,False,2.4
574,Eve,Davis,liam.harris@enterprise.net,28,66737.18,HR,2019-02-22,True,5.0
575,Noah,Taylor,diana.jones@company.com,46,83332.57,Finance,2022-11-12,False,1.1
576,Eve,Wilson,frank.wilson@corp.com,25,61805.07,Marketing,2022-10-11,False,2.0
577,Bob,Jackson,rachel.moore@firm.co,57,41266.06,Operations,2016-02-14,True,3.1
578,Jack,Perez,noah.brown@company.com,27,95614.65,Engineering,2019-09-12,True,3.1
579,Liam,Sanchez,charlie.lopez@firm.co,52,63062.28,Marketing,2020-12-16,False,3.4
580,Casey,Garcia,charlie.martin@firm.co,40,36809.77,Marketing,2019-05-18,True,4.0
581,Drew,Garcia,zoe.hernandez@corp.com,60,55663.7,Sales,2021-08-10,True,3.5
582,Zoe,Garcia,alice.martinez@corp.com,48,56453.51,Engineering,2018-11-05,True,3.4
583,Blake,Williams,maya.harris@company.com,31,74233.94,HR,2022-08-14,True,1.2
584,Bob,Martin,xander.moore@business.org,47,111940.95,HR,2018-01-28,False,2.5
585,Casey,Gonzalez,sam.taylor@business.org,40,75448.37,HR,2021-04-02,True,1.9
586,Liam,Martin,victor.gonzalez@business.org,60,69136.88,Marketing,2017-03-29,True,2.1
587,Grace,Perez,eve.rodriguez@enterprise.net,24,114115.52,HR,2023-06-04,True,3.2
588,Victor,Davis,ivy.thomas@business.org,34,84577.87,Operations,2021-01-27,True,1.8
589,Henry,Thomas,charlie.garcia@corp.com,49,70084.98,HR,2019-07-08,False,2.2
590,Victor,Jackson,ivy.wilson@enterprise.net,41,55411.76,HR,2016-12-01,True,1.9
591,Diana,Jones,peter.sanchez@company.com,49,71324.0,Operations,2019-06-16,True,4.8
592,Liam,Davis,liam.rodriguez@business.org,29,63672.19,Sales,2020-04-18,True,4.8
593,Yara,Anderson,xander.lee@corp.com,62,66828.68,Engineering,2023-09-14,True,3.4
594,Rachel,Lee,tara.martin@business.org,60,91288.05,Sales,2021-07-22,False,4.7
595,Casey,Rodriguez,olivia.brown@business.org,22,54193.56,Operations,2019-06-09,True,4.1
596,Blake,Anderson,jack.smith@corp.com,24,75270.81,Operations,2019-06-27,True,3.4
597,Noah,Rodriguez,kate.clark@firm.co,34,83978.8,Engineering,2020-04-13,True,1.0
598,Tara,Perez,maya.sanchez@enterprise.net,49,51757.75,Sales,2022-11-11,False,4.1
599,Xander,Smith,olivia.hernandez@corp.com,46,48547.57,Engineering,2022-04-08,True,3.8
600,Eve,Sanchez,alex.clark@firm.co,54,61993.16,HR,2019-03-25,True,3.5
601,Drew,Anderson,eve.martinez@enterprise.net,59,55767.41,Finance,2021-11-05,True,4.0
602,Drew,Martinez,tara.thompson@business.org,27,88046.65,HR,2017-01-09,False,3.1
603,Henry,Perez,peter.hernandez@business.org,53,44964.63,Finance,2017-10-18,True,3.8
604,Blake,Moore,maya.hernandez@enterprise.net,42,66369.43,Operations,2021-03-30,True,4.7
605,Frank,Garcia,xander.thompson@corp.com,37,115920.97,HR,2017-06-16,True,2.5
606,Zoe,Williams,sam.sanchez@business.org,42,73261.13,Sales,2024-02-28,True,3.8
607,Zoe,Anderson,kate.gonzalez@enterprise.net,32,76585.8,Finance,2016-02-13,True,2.9
608,Frank,Lopez,alex.sanchez@corp.com,58,88213.65,HR,2016-01-08,False,3.7
609,Casey,Jackson,liam.brown@firm.co,57,55741.02,Marketing,2018-04-25,True,4.1
610,Noah,Martinez,grace.jackson@firm.co,56,43371.61,Finance,2024-05-16,True,1.2
611,Alice,Lee,frank.perez@firm.co,40,68530.23,Engineering,2017-04-27,True,3.6
612,Frank,Wilson,alice.white@corp.com,41,70308.08,Operations,2023-02-17,True,1.9
613,Xander,Thompson,wendy.miller@corp.com,39,32635.78,Operations,2020-09-12,True,3.7
614,Drew,Rodriguez,zoe.martinez@company.com,62,72501.44,Sales,2016-12-04,False,2.9
615,Kate,Anderson,alex.sanchez@corp.com,35,86397.01,HR,2017-11-12,True,4.1
616,Zoe,Martinez,victor.thomas@business.org,36,46741.04,HR,2023-11-23,True,1.5
617,Drew,Miller,uma.martinez@business.org,52,73711.12,Engineering,2024-08-01,True,3.5
618,Noah,Gonzalez,ivy.perez@business.org,22,82845.27,HR,2023-04-21,True,2.1
619,Zoe,Thomas,wendy.wilson@corp.com,24,76733.56,HR,2020-01-03,True,4.4
620,Victor,Brown,charlie.anderson@firm.co,37,78620.12,Engineering,2021-03-20,True,4.7
621,Blake,Davis,peter.jackson@corp.com,44,60104.0,Engineering,2016-11-22,False,5.0
622,Xander,Gonzalez,rachel.taylor@corp.com,32,42449.91,Marketing,2021-11-29,True,4.2
623,Zoe,Jackson,rachel.johnson@enterprise.net,33,56057.07,Operations,2016-09-22,True,4.0
624,Henry,Lopez,wendy.sanchez@firm.co,31,53278.86,Marketing,2019-07-14,False,1.9
625,Ivy,Jackson,tara.lee@company.com,53,63394.82,Engineering,2018-10-27,True,2.3
626,Frank,Martinez,diana.harris@business.org,37,86865.42,Operations,2017-11-21,True,2.9
627,Zoe,Thompson,victor.perez@enterprise.net,29,38763.2,Operations,2018-01-12,True,4.1
628,Wendy,Martinez,frank.lee@firm.co,59,67885.0,Finance,2017-10-12,True,4.7
629,Diana,Smith,bob.jackson@corp.com,33,43731.97,Operations,2025-02-14,True,1.8
630,Maya,Clark,yara.hernandez@corp.com,45,50199.06,Finance,2023-11-27,True,4.7
631,Blake,Perez,diana.smith@company.com,49,76174.82,Operations,2021-05-06,True,3.8
632,Bob,Gonzalez,ivy.davis@firm.co,29,41201.1,Finance,2018-07-30,True,3.4
633,Blake,Rodriguez,xander.taylor@firm.co,49,79684.89,Sales,2025-08-25,True,1.8
634,Peter,Smith,sam.thompson@firm.co,57,37956.71,Operations,2016-09-08,True,1.2
635,Henry,Jackson,henry.anderson@enterprise.net,47,78339.61,Marketing,2024-09-07,True,3.3
636,Grace,Perez,maya.anderson@firm.co,29,34009.37,Finance,2016-06-22,True,3.6
637,Alex,Harris,wendy.taylor@business.org,49,52643.75,Finance,2024-01-29,True,1.8
638,Drew,White,liam.smith@corp.com,49,102929.89,Operations,2020-06-02,False,3.2
639,Olivia,Johnson,diana.martinez@corp.com,58,99170.93,Operations,2018-12-23,True,4.4
640,Liam,Martin,drew.williams@company.com,62,56749.51,Finance,2020-10-28,True,4.3
641,Jack,White,alex.white@business.org,57,72799.21,Engineering,2024-09-19,False,4.7
642,Alex,Thomas,liam.martinez@enterprise.net,48,89081.36,HR,2024-12-27,True,2.5
643,Zoe,Clark,olivia.sanchez@business.org,38,78625.92,Operations,2022-10-04,True,2.3
644,Blake,Martinez,quinn.thomas@enterprise.net,30,59530.72,Operations,2023-03-22,True,4.0
645,Henry,Harris,peter.brown@corp.com,54,50027.29,Sales,2021-07-20,False,2.7
646,Henry,Sanchez,xander.thompson@corp.com,41,82362.06,HR,2024-10-23,True,1.4
647,Alice,Davis,kate.williams@enterprise.net,34,87614.07,Marketing,2018-11-17,True,2.1
648,Victor,Martin,bob.sanchez@company.com,49,99314.04,Operations,2025-04-14,False,2.7
649,Grace,Sanchez,alice.hernandez@company.com,50,31255.01,Operations,2017-08-01,True,2.2
650,Maya,Lopez,victor.sanchez@business.org,34,39937.5,Operations,2021-05-25,True,2.3
651,Kate,Davis,drew.white@business.org,56,88238.47,HR,2021-03-19,True,2.2
652,Ivy,Lee,quinn.garcia@firm.co,27,33969.39,Sales,2018-10-28,True,1.2
653,Blake,Miller,frank.hernandez@firm.co,39,89771.0,Finance,2018-05-08,True,3.5
654,Charlie,Martin,noah.anderson@business.org,26,60701.35,Finance,2019-11-12,True,3.4
655,Yara,Rodriguez,zoe.gonzalez@business.org,46,54581.72,Engineering,2022-06-30,True,3.6
656,Ivy,Perez,frank.lee@corp.com,23,69108.57,Engineering,2017-09-23,False,1.8
657,Liam,Harris,maya.smith@firm.co,31,38092.63,Operations,2019-01-03,True,2.2
658,Uma,White,casey.miller@corp.com,51,81480.3,Sales,2025-01-23,True,3.5
659,Quinn,Harris,sam.wilson@corp.com,26,98792.74,Finance,2017-01-12,True,3.4
660,Maya,Perez,alice.thompson@business.org,54,82411.52,HR,2016-07-05,True,3.0
661,Victor,Perez,grace.rodriguez@company.com,22,60069.83,HR,2023-09-29,True,2.4
662,Alex,Clark,sam.brown@firm.co,39,34239.29,Sales,2018-07-12,True,4.7
663,Rachel,Jones,frank.lopez@enterprise.net,53,35008.25,Engineering,2020-03-01,True,2.4
664,Kate,Lee,grace.anderson@company.com,32,38407.13,HR,2020-10-13,True,2.8
665,Alice,Brown,ivy.perez@corp.com,42,64754.43,Marketing,2025-08-03,True,3.7
666,Diana,Lee,quinn.lee@enterprise.net,47,67268.0,Sales,2023-06-12,True,3.2
667,Casey,Lee,tara.gonzalez@firm.co,46,82368.87,Marketing,2016-03-03,True,2.4
668,Ivy,Johnson,maya.jackson@company.com,43,29079.42,Marketing,2018-05-05,True,2.7
669,Frank,Martinez,liam.lopez@corp.com,48,91224.2,Engineering,2016-09-10,True,4.2
670,Sam,Sanchez,tara.garcia@enterprise.net,34,78888.13,Finance,2019-11-24,True,2.1
671,Ivy,Anderson,drew.martin@firm.co,54,58463.27,Sales,2022-07-02,True,1.6
672,Bob,Johnson,charlie.perez@business.org,55,41204.77,Finance,2023-07-11,False,2.3
673,Diana,Jackson,kate.brown@business.org,62,89982.81,Operations,2025-05-01,True,4.4
674,Tara,Lopez,jack.brown@business.org,56,58998.12,HR,2016-11-30,True,1.4
675,Noah,White,liam.thompson@business.org,22,64599.62,HR,2018-12-26,True,5.0
676,Liam,Jones,quinn.gonzalez@corp.com,42,72672.24,Sales,2019-12-25,True,3.2
677,Xander,Williams,tara.jones@firm.co,27,46736.02,Engineering,2019-12-04,True,4.9
678,Zoe,Martinez,maya.wilson@business.org,49,59356.39,HR,2017-11-16,True,4.8
679,Kate,Hernandez,peter.lee@firm.co,38,82306.34,HR,2023-02-10,True,2.8
680,Noah,White,wendy.lee@business.org,26,80281.92,Finance,2018-10-23,False,1.8
681,Tara,Wilson,rachel.garcia@corp.com,52,80462.14,HR,2023-10-22,True,1.7
682,Quinn,Garcia,jack.jones@business.org,26,41896.4,Engineering,2018-02-24,False,2.0
683,Diana,Miller,kate.clark@corp.com,59,60268.39,HR,2025-04-21,True,3.8
684,Maya,Jones,tara.johnson@enterprise.net,24,57072.12,HR,2021-09-03,True,2.1
685,Casey,Sanchez,alice.thomas@business.org,44,73503.58,Marketing,2023-01-10,True,2.4
686,Sam,Moore,grace.clark@corp.com,58,71713.16,Engineering,2018-05-13,True,2.8
687,Grace,Lopez,rachel.taylor@corp.com,58,68108.55,HR,2025-09-14,True,4.7
688,Ivy,Taylor,noah.perez@corp.com,31,114314.68,Operations,2023-12-11,False,1.8
689,Bob,Taylor,noah.thompson@corp.com,31,59183.88,Operations,2024-09-25,True,1.0
690,Wendy,Rodriguez,peter.garcia@company.com,40,56843.54,Engineering,2022-08-12,True,1.2
691,Noah,Clark,sam.smith@business.org,38,41865.01,Engineering,2016-12-18,True,4.6
692,Alice,Garcia,jack.johnson@enterprise.net,42,34243.05,HR,2021-03-24,True,3.6
693,Quinn,Rodriguez,henry.moore@enterprise.net,35,40593.65,HR,2021-09-30,True,2.1
694,Drew,Clark,frank.harris@corp.com,30,50626.36,Engineering,2018-03-14,True,1.7
695,Zoe,Thomas,sam.white@corp.com,22,91201.46,Finance,2021-04-11,True,2.2
696,Rachel,Sanchez,rachel.taylor@company.com,34,65783.28,Finance,2021-02-28,True,1.5
697,Victor,Martinez,sam.brown@enterprise.net,25,68866.61,Engineering,2019-02-19,True,4.8
698,Xander,White,yara.moore@enterprise.net,22,63074.53,Engineering,2023-06-18,False,4.1
699,Xander,Hernandez,rachel.clark@company.com,61,72306.02,Finance,2019-11-26,True,2.8
700,Xander,Sanchez,yara.white@corp.com,53,93041.44,Finance,2025-07-15,True,4.5
701,Victor,Brown,rachel.miller@corp.com,55,25121.38,Operations,2017-06-11,True,2.0
702,Grace,Anderson,diana.white@business.org,49,89366.75,Marketing,2017-10-25,False,3.9
703,Liam,Williams,jack.johnson@corp.com,52,14699.23,Finance,2024-12-08,True,4.4
704,Noah,Jones,ivy.lopez@company.com,29,65564.05,Finance,2024-09-11,False,2.4
705,Charlie,Harris,olivia.brown@business.org,60,108838.15,Sales,2019-07-18,True,4.0
706,Victor,Davis,grace.sanchez@firm.co,47,78613.16,Operations,2022-07-08,True,2.2
707,Drew,Perez,wendy.lopez@firm.co,55,72461.18,Operations,2017-07-25,True,2.2
708,Kate,White,uma.wilson@business.org,24,105038.92,HR,2016-05-27,False,1.4
709,Tara,Perez,tara.jones@business.org,33,50938.74,Marketing,2019-06-09,True,2.8
710,Kate,Gonzalez,alex.miller@company.com,22,73679.35,Marketing,2019-03-04,True,3.9
711,Victor,Sanchez,sam.lopez@firm.co,26,76562.34,Engineering,2021-10-21,True,4.8
712,Blake,Moore,ivy.martin@firm.co,51,54551.96,Sales,2021-10-23,True,3.4
713,Diana,Lopez,frank.hernandez@enterprise.net,51,56317.8,HR,2016-07-24,True,4.5
714,Xander,Williams,jack.jackson@enterprise.net,38,54124.41,Marketing,2022-08-10,True,4.3
715,Casey,Sanchez,blake.taylor@company.com,44,66746.3,Finance,2023-03-04,False,1.7
716,Jack,Gonzalez,eve.harris@corp.com,36,75933.83,Finance,2018-11-28,True,2.9
717,Quinn,Smith,drew.johnson@enterprise.net,58,67464.61,Finance,2023-07-12,True,1.5
718,Jack,Rodriguez,blake.lee@business.org,42,79189.24,HR,2020-08-10,True,3.7
719,Victor,Moore,wendy.jones@business.org,35,25617.05,Operations,2021-03-06,True,4.8
720,Noah,Brown,eve.thompson@enterprise.net,23,60634.98,Operations,2019-04-06,True,1.5
721,Kate,Anderson,alex.davis@corp.com,32,44531.61,Marketing,2025-08-27,True,3.9
722,Maya,Lopez,peter.jones@firm.co,60,71034.45,Operations,2022-10-12,True,3.5
723,Wendy,Perez,uma.rodriguez@corp.com,59,70738.35,HR,2023-09-30,False,3.3
724,Jack,White,maya.anderson@company.com,55,62687.56,Engineering,2021-02-21,False,2.6
725,Rachel,Perez,uma.sanchez@company.com,59,75205.58,Engineering,2020-01-12,True,2.4
726,Eve,Rodriguez,maya.taylor@enterprise.net,55,84956.25,Operations,2024-07-06,False,1.2
727,Grace,Jackson,wendy.lopez@corp.com,39,63789.59,Sales,2019-06-11,True,1.9
728,Noah,Gonzalez,peter.hernandez@firm.co,51,43966.1,Engineering,2024-11-23,True,1.1
729,Victor,Clark,alice.harris@company.com,36,33374.85,Marketing,2020-01-25,True,3.3
730,Maya,Lee,xander.anderson@enterprise.net,48,65722.2,Marketing,2022-05-29,True,1.4
731,Victor,Lopez,blake.williams@firm.co,55,69837.33,Operations,2021-11-23,True,4.5
732,Xander,Brown,maya.miller@corp.com,59,45609.52,Marketing,2024-05-24,False,3.1
733,Casey,Perez,alex.miller@corp.com,54,79515.34,Finance,2016-09-14,True,3.8
734,Frank,Davis,ivy.hernandez@enterprise.net,45,55820.86,Finance,2019-12-14,False,2.6
735,Tara,Thomas,kate.moore@firm.co,36,31871.34,Marketing,2022-10-26,True,3.2
736,Sam,Smith,eve.jackson@corp.com,51,90128.73,Operations,2015-11-19,True,4.8
737,Jack,Martin,zoe.hernandez@company.com,63,87879.76,Engineering,2019-09-04,False,1.3
738,Maya,Moore,bob.brown@corp.com,38,24688.01,Engineering,2016-08-03,True,2.0
739,Rachel,Hernandez,alice.brown@business.org,26,53747.99,Sales,2016-10-23,True,4.1
740,Alex,Martin,olivia.anderson@company.com,50,52968.33,HR,2019-04-06,True,1.4
741,Alice,Davis,noah.miller@business.org,25,97789.77,Sales,2022-11-26,True,1.3
742,Jack,Lee,casey.lee@enterprise.net,31,63014.15,Operations,2017-12-03,True,2.4
743,Jack,Williams,frank.rodriguez@company.com,38,35082.44,Operations,2020-09-28,True,1.4
744,Grace,Lee,uma.lopez@enterprise.net,31,82642.1,Operations,2021-06-24,True,3.3
745,Noah,Clark,charlie.lopez@business.org,38,40384.49,HR,2019-05-24,False,1.9
746,Zoe,Anderson,bob.gonzalez@enterprise.net,41,59793.19,Engineering,2020-04-14,True,4.6
747,Sam,Thompson,xander.thompson@business.org,45,49604.62,Marketing,2017-01-27,True,4.1
748,Tara,Martinez,noah.lee@company.com,26,53790.9,Finance,2022-12-24,True,3.8
749,Uma,Lee,wendy.brown@company.com,55,83745.16,Sales,2017-03-19,False,3.5
750,Kate,Wilson,grace.thomas@company.com,27,95426.6,Sales,2021-11-24,True,4.5
751,Olivia,Brown,eve.jackson@business.org,23,39512.63,Engineering,2017-01-04,True,1.9
752,Olivia,Jones,quinn.perez@corp.com,34,77521.53,HR,2020-07-24,True,4.5
753,Olivia,Johnson,alice.smith@enterprise.net,64,50344.93,Sales,2018-01-24,True,4.2
754,Victor,Johnson,alex.brown@corp.com,64,50966.56,HR,2020-07-16,True,4.0
755,Grace,Martinez,wendy.jones@corp.com,32,74812.72,Sales,2019-02-16,True,3.2
756,Quinn,Thomas,charlie.davis@corp.com,44,44441.94,Operations,2016-01-16,True,2.0
757,Peter,Brown,charlie.white@company.com,37,74412.05,Marketing,2025-05-26,True,2.7
758,Zoe,Brown,diana.hernandez@enterprise.net,52,79602.27,Engineering,2020-04-20,True,4.2
759,Casey,Davis,casey.martinez@business.org,32,56349.35,HR,2024-05-27,False,1.1
760,Zoe,Moore,maya.harris@business.org,37,91541.56,Engineering,2022-10-25,False,4.1
761,Xander,Jones,uma.perez@business.org,29,39543.51,Operations,2024-12-13,True,2.0
762,Frank,Gonzalez,charlie.taylor@firm.co,25,91908.12,Operations,2021-06-01,False,1.6
763,Victor,Anderson,alice.martin@business.org,61,26120.25,Finance,2018-08-08,True,1.5
764,Charlie,Lopez,olivia.lopez@business.org,25,118994.28,Engineering,2016-11-11,True,1.1
765,Jack,Perez,uma.white@business.org,46,56875.96,HR,2023-03-28,True,3.1
766,Quinn,White,drew.wilson@firm.co,24,41753.86,HR,2018-02-12,True,1.9
767,Victor,Thompson,victor.anderson@business.org,53,60346.56,Operations,2017-11-04,True,5.0
768,Uma,Moore,charlie.brown@business.org,24,44070.44,Finance,2023-02-17,False,3.3
769,Tara,Wilson,yara.brown@firm.co,48,72739.31,Finance,2016-09-25,True,1.6
770,Kate,Jackson,xander.gonzalez@enterprise.net,50,92353.15,Sales,2022-03-02,False,3.8
771,Charlie,White,noah.hernandez@business.org,53,45130.88,HR,2021-01-30,True,4.6
772,Alex,White,henry.rodriguez@company.com,40,76587.98,Engineering,2021-09-30,True,4.0
773,Yara,Jones,henry.moore@firm.co,42,34345.29,Finance,2019-12-01,True,1.3
774,Henry,Wilson,tara.white@firm.co,26,85659.09,Operations,2019-09-13,True,4.6
775,Victor,Lee,jack.harris@company.com,39,73324.73,Engineering,2025-08-07,True,4.2
776,Jack,Brown,blake.perez@enterprise.net,49,86523.67,Finance,2017-11-06,True,1.6
777,Henry,Clark,grace.taylor@firm.co,63,62553.06,HR,2016-05-17,True,1.2
778,Zoe,Thomas,quinn.miller@corp.com,43,56296.87,Finance,2022-10-03,True,3.2
779,Grace,Martin,jack.lee@company.com,42,81322.35,HR,2022-12-04,True,1.6
780,Eve,Wilson,zoe.sanchez@business.org,27,38839.03,Finance,2022-06-27,True,4.3
781,Alice,Rodriguez,peter.gonzalez@company.com,22,30143.51,Sales,2024-08-31,True,2.4
782,Bob,Johnson,henry.thomas@firm.co,26,64900.76,Operations,2021-03-26,True,4.7
783,Henry,Thompson,charlie.taylor@company.com,62,57208.07,Finance,2018-02-25,True,3.3
784,Peter,Lopez,liam.hernandez@business.org,33,76076.67,Sales,2017-04-23,True,1.7
785,Tara,Miller,maya.clark@firm.co,47,86831.03,Operations,2016-07-01,False,1.6
786,Blake,Anderson,noah.lopez@firm.co,55,75660.28,Sales,2021-11-15,True,3.3
787,Yara,Anderson,victor.garcia@corp.com,35,85238.07,Engineering,2024-11-08,False,4.0
788,Charlie,Davis,yara.williams@company.com,47,71421.05,HR,2019-06-28,True,4.1
789,Olivia,Lopez,sam.williams@company.com,48,74891.91,Operations,2023-09-15,False,2.1
790,Noah,Brown,ivy.miller@company.com,30,62666.86,Finance,2020-05-13,False,1.8
791,Casey,Perez,drew.johnson@corp.com,47,74300.91,Finance,2022-03-10,True,1.1
792,Uma,Lopez,quinn.martinez@firm.co,43,68333.06,Marketing,2021-09-28,True,3.7
793,Sam,Moore,yara.wilson@corp.com,51,71503.54,Finance,2023-04-04,True,1.3
794,Grace,Lee,wendy.gonzalez@company.com,64,61665.52,HR,2019-04-11,True,2.7
795,Wendy,Lopez,uma.moore@firm.co,38,81178.58,HR,2022-09-09,True,3.4
796,Wendy,Johnson,tara.jones@enterprise.net,47,50790.95,Finance,2023-08-29,True,4.7
797,Maya,Gonzalez,charlie.martinez@company.com,57,64633.02,Operations,2017-05-04,True,2.2
798,Peter,Rodriguez,quinn.miller@business.org,22,91235.68,Sales,2018-01-17,True,2.0
799,Maya,Miller,rachel.hernandez@corp.com,29,46025.56,Marketing,2023-07-30,True,3.6
800,Henry,Brown,sam.lee@company.com,56,21763.09,HR,2020-02-11,True,3.5
801,Eve,Clark,jack.thompson@corp.com,36,72329.14,Marketing,2017-06-10,False,2.3
802,Uma,Anderson,xander.davis@company.com,43,59860.91,Marketing,2023-06-21,True,4.7
803,Wendy,Williams,henry.williams@corp.com,35,85217.24,HR,2023-01-28,True,4.4
804,Alice,Perez,diana.anderson@firm.co,47,62389.7,Sales,2017-06-17,True,1.9
805,Casey,Miller,tara.johnson@enterprise.net,49,52913.22,Sales,2022-12-29,True,2.0
806,Yara,Lee,victor.white@business.org,44,63483.65,HR,2015-12-03,False,3.0
807,Blake,Lee,diana.smith@business.org,35,86861.37,Finance,2022-09-24,False,4.1
808,Yara,Martin,wendy.smith@business.org,45,76507.39,Operations,2023-05-23,False,1.2
809,Casey,Smith,peter.lopez@firm.co,23,16321.95,Operations,2023-02-20,True,3.8
810,Diana,Johnson,quinn.sanchez@enterprise.net,47,68715.35,Finance,2023-06-08,True,3.6
811,Yara,Sanchez,frank.lopez@business.org,35,69715.24,Marketing,2016-05-06,True,1.9
812,Noah,Hernandez,xander.harris@enterprise.net,28,64635.0,Operations,2022-11-28,True,3.7
813,Henry,Davis,xander.brown@company.com,24,52782.2,Finance,2016-04-30,False,4.8
814,Frank,Jones,kate.sanchez@corp.com,44,88890.64,Marketing,2018-10-09,True,1.2
815,Zoe,Sanchez,ivy.taylor@company.com,64,89880.68,Operations,2021-09-18,True,2.3
816,Wendy,Jackson,ivy.thompson@firm.co,39,20936.79,Operations,2023-12-17,True,2.8
817,Quinn,Miller,uma.williams@corp.com,59,49040.81,Finance,2016-12-21,True,4.6
818,Olivia,Williams,olivia.taylor@enterprise.net,56,62105.39,Operations,2024-07-06,True,4.8
819,Bob,Clark,bob.thomas@firm.co,36,83970.16,Sales,2024-05-12,True,2.8
820,Rachel,Harris,frank.lopez@business.org,46,65697.06,Sales,2024-10-29,True,4.0
821,Henry,Moore,ivy.harris@company.com,58,51328.12,Sales,2018-02-16,True,3.1
822,Drew,Miller,casey.jackson@company.com,49,79190.67,Finance,2018-04-08,True,3.2
823,Blake,Jackson,henry.white@firm.co,31,60773.28,Operations,2020-03-08,True,2.1
824,Diana,Miller,alice.johnson@company.com,60,62651.98,Marketing,2018-10-28,True,1.9
825,Olivia,Clark,henry.johnson@corp.com,38,64456.83,Operations,2025-08-19,False,2.2
826,Eve,Davis,liam.gonzalez@business.org,60,76486.17,Marketing,2017-02-19,True,3.2
827,Zoe,Hernandez,frank.johnson@firm.co,43,58829.01,Operations,2016-02-05,True,1.1
828,Olivia,Harris,zoe.thompson@corp.com,47,78738.93,Sales,2019-08-21,True,4.6
829,Victor,Jones,henry.hernandez@business.org,46,63538.62,Operations,2025-03-26,True,1.6
830,Quinn,Sanchez,noah.white@enterprise.net,38,43659.67,Operations,2016-03-13,False,1.9
831,Rachel,Martin,ivy.clark@company.com,34,64264.47,Sales,2020-04-19,True,3.1
832,Tara,Smith,sam.lopez@company.com,41,44695.73,Finance,2021-07-18,True,3.8
833,Kate,Rodriguez,quinn.perez@company.com,46,65819.74,Finance,2018-09-30,True,1.4
834,Yara,Jones,frank.davis@firm.co,25,81589.48,Operations,2022-03-04,True,2.3
835,Casey,Jones,bob.gonzalez@company.com,31,43527.42,Operations,2020-03-09,True,4.9
836,Olivia,Moore,casey.anderson@enterprise.net,24,72285.47,Marketing,2015-10-30,True,2.0
837,Tara,Rodriguez,yara.martinez@enterprise.net,62,48419.25,Operations,2019-04-07,True,2.3
838,Alex,Sanchez,charlie.moore@corp.com,39,69034.01,Engineering,2015-12-19,True,4.3
839,Xander,Garcia,alice.lopez@business.org,57,82204.08,Marketing,2022-08-17,True,1.2
840,Casey,Brown,jack.jackson@enterprise.net,43,22409.74,Finance,2020-03-15,False,2.9
841,Quinn,Perez,xander.martin@business.org,55,42710.48,HR,2023-08-28,True,2.5
842,Noah,Smith,olivia.lopez@firm.co,29,57620.41,Finance,2017-02-19,True,2.3
843,Alex,Jones,peter.harris@business.org,61,71300.81,Finance,2019-12-23,True,2.1
844,Drew,Smith,xander.moore@business.org,40,61672.33,Operations,2022-07-26,True,1.4
845,Rachel,Lopez,eve.smith@corp.com,63,64082.38,Operations,2021-03-31,True,2.3
846,Olivia,Sanchez,alice.davis@firm.co,62,105859.69,HR,2023-03-21,True,1.2
847,Casey,Sanchez,liam.lee@company.com,58,40750.85,Operations,2017-04-18,True,4.1
848,Frank,Davis,kate.smith@corp.com,27,87709.7,Operations,2019-03-29,True,2.6
849,Xander,Jackson,blake.white@enterprise.net,47,58000.44,Finance,2024-04-08,True,2.8
850,Blake,Hernandez,diana.miller@firm.co,55,75989.5,Marketing,2025-02-06,True,4.6
851,Peter,Smith,henry.wilson@corp.com,27,107578.93,HR,2019-10-24,True,3.6
852,Olivia,Garcia,bob.jones@enterprise.net,58,78773.56,Engineering,2016-09-29,True,1.0
853,Ivy,Rodriguez,charlie.johnson@business.org,54,72449.91,Finance,2020-12-17,False,4.8
854,Yara,Johnson,casey.taylor@corp.com,43,96982.45,Engineering,2020-05-05,True,1.9
855,Henry,Jones,wendy.lopez@corp.com,42,87495.97,Engineering,2019-08-24,True,1.4
856,Alex,White,xander.williams@firm.co,27,49012.12,HR,2025-05-05,True,4.1
857,Uma,Wilson,diana.taylor@business.org,27,70890.49,Sales,2020-01-27,True,3.0
858,Ivy,Taylor,uma.clark@corp.com,25,30650.09,Engineering,2021-10-24,True,2.7
859,Yara,Brown,charlie.jackson@firm.co,51,54196.93,Operations,2021-04-17,True,2.0
860,Yara,White,bob.wilson@business.org,32,71281.06,Engineering,2016-01-22,True,3.2
861,Quinn,Williams,henry.martinez@enterprise.net,51,52957.89,Sales,2018-01-04,True,2.1
862,Peter,Thomas,blake.hernandez@corp.com,52,70467.33,Marketing,2017-01-02,True,4.6
863,Uma,Anderson,wendy.clark@enterprise.net,45,64732.31,Sales,2023-10-01,True,1.9
864,Henry,Harris,kate.anderson@enterprise.net,30,75728.33,Marketing,2020-07-31,True,4.5
865,Ivy,Lopez,henry.williams@business.org,24,56516.02,Operations,2024-05-10,False,3.2
866,Olivia,Taylor,eve.harris@firm.co,52,46197.02,Marketing,2017-11-16,True,4.3
867,Charlie,Jackson,diana.jones@company.com,61,94562.54,Sales,2019-11-24,True,3.9
868,Wendy,Brown,frank.anderson@corp.com,58,55086.07,Engineering,2020-07-19,True,3.8
869,Jack,Anderson,kate.wilson@company.com,57,78200.21,Operations,2022-03-03,True,2.3
870,Henry,Taylor,rachel.lopez@business.org,45,93704.94,Marketing,2017-12-23,True,1.9
871,Ivy,Davis,olivia.martinez@corp.com,52,68253.4,Sales,2025-08-12,True,1.8
872,Kate,Martin,ivy.brown@company.com,27,47873.87,Finance,2025-07-29,True,4.4
873,Kate,Johnson,frank.sanchez@enterprise.net,23,61427.8,Engineering,2018-02-23,True,4.3
874,Casey,White,alex.thompson@firm.co,41,85350.82,Marketing,2023-05-06,False,2.8
875,Rachel,Sanchez,bob.miller@enterprise.net,49,69124.95,HR,2021-06-14,True,1.5
876,Charlie,Perez,eve.williams@business.org,32,40897.16,Engineering,2019-03-12,True,2.5
877,Eve,Taylor,liam.gonzalez@firm.co,25,76932.88,Finance,2024-07-30,True,3.5
878,Eve,Martinez,bob.perez@enterprise.net,36,80390.63,Operations,2022-01-22,True,2.8
879,Henry,Anderson,ivy.clark@business.org,27,57893.76,Operations,2021-08-26,True,4.1
880,Maya,Lee,alice.gonzalez@corp.com,51,77204.89,Finance,2018-11-02,False,5.0
881,Wendy,Smith,rachel.white@firm.co,59,69900.37,Sales,2016-01-16,True,1.8
882,Eve,Johnson,henry.brown@corp.com,23,61051.41,Operations,2022-10-18,True,2.8
883,Wendy,Thomas,diana.sanchez@business.org,36,39129.29,Operations,2023-08-11,True,2.7
884,Grace,Gonzalez,diana.smith@company.com,32,86559.08,Finance,2019-07-23,True,2.2
885,Charlie,Wilson,alex.harris@business.org,29,80184.22,HR,2022-10-05,True,1.8
886,Noah,Perez,eve.miller@corp.com,47,76677.73,Sales,2023-01-18,True,1.3
887,Noah,Brown,liam.perez@company.com,26,95890.52,Finance,2022-09-08,True,4.5
888,Kate,Thomas,sam.jackson@enterprise.net,27,83903.87,Operations,2020-06-03,True,2.7
889,Rachel,Thompson,drew.clark@company.com,47,78731.32,Marketing,2018-10-31,True,3.0
890,Olivia,Anderson,alice.williams@business.org,25,20735.45,Operations,2021-11-10,True,4.7
891,Noah,Williams,casey.lee@corp.com,40,88937.9,Operations,2021-08-09,True,4.1
892,Bob,Williams,zoe.jones@company.com,41,66661.61,Engineering,2023-08-24,True,1.5
893,Grace,Hernandez,casey.clark@enterprise.net,54,71249.83,HR,2020-02-12,True,3.3
894,Alex,Martin,diana.johnson@corp.com,41,71386.66,HR,2020-12-14,True,2.8
895,Noah,Jones,bob.garcia@firm.co,33,80476.65,HR,2023-05-07,True,4.2
896,Maya,Williams,noah.clark@corp.com,22,87443.5,Operations,2021-01-03,False,3.9
897,Casey,Jones,peter.smith@corp.com,47,77684.82,Marketing,2017-11-06,True,3.8
898,Yara,Rodriguez,victor.wilson@business.org,35,74505.71,Finance,2017-04-10,True,2.4
899,Sam,Martin,liam.miller@business.org,59,69630.25,Engineering,2021-07-14,True,4.2
900,Wendy,Lee,ivy.rodriguez@corp.com,58,-2032.21,Engineering,2021-08-12,True,1.2
901,Alice,Jackson,casey.jones@company.com,32,59248.18,Operations,2016-02-16,True,1.6
902,Blake,Moore,tara.martin@firm.co,57,46168.21,Marketing,2021-03-20,True,2.3
903,Casey,Thompson,henry.lee@enterprise.net,34,89214.79,Sales,2022-07-28,False,1.3
904,Yara,Hernandez,peter.wilson@firm.co,64,77380.74,Finance,2020-08-26,True,1.9
905,Sam,Gonzalez,peter.johnson@company.com,24,55837.26,HR,2023-09-10,True,4.3
906,Maya,Martin,ivy.gonzalez@business.org,54,57845.66,Sales,2019-04-20,True,4.8
907,Peter,Taylor,noah.miller@firm.co,27,57120.37,Operations,2024-03-27,True,2.2
908,Alice,Martinez,henry.lee@firm.co,31,56763.48,Operations,2019-04-02,True,2.1
909,Liam,Anderson,zoe.smith@corp.com,26,36108.85,Operations,2018-01-06,True,2.1
910,Jack,Taylor,zoe.thompson@enterprise.net,44,31774.41,Operations,2023-02-22,True,2.1
911,Yara,Martin,peter.moore@corp.com,31,65580.94,Marketing,2016-07-30,False,1.1
912,Maya,Wilson,liam.jackson@firm.co,23,86506.28,Finance,2024-08-02,True,4.7
913,Blake,Brown,kate.gonzalez@enterprise.net,34,54246.21,Finance,2017-08-16,True,1.9
914,Casey,Sanchez,frank.smith@enterprise.net,61,71068.9,Operations,2022-09-06,True,2.7
915,Alex,Thompson,tara.davis@company.com,23,79685.22,Finance,2016-09-09,True,1.0
916,Noah,Brown,casey.sanchez@enterprise.net,41,45132.44,Sales,2023-01-24,True,4.4
917,Rachel,Lee,bob.sanchez@corp.com,22,64600.49,Operations,2019-06-25,True,3.9
918,Xander,Lee,quinn.lopez@firm.co,58,51669.59,Sales,2020-11-10,True,4.8
919,Xander,Harris,henry.garcia@company.com,30,97122.39,Marketing,2016-02-08,True,4.1
920,Rachel,Moore,henry.perez@business.org,38,96249.19,HR,2021-06-08,True,2.3
921,Zoe,White,ivy.moore@company.com,30,45153.14,Sales,2023-07-05,True,2.0
922,Tara,Miller,yara.davis@firm.co,32,72717.69,Operations,2024-01-27,True,3.8
923,Casey,Wilson,blake.sanchez@corp.com,36,86351.99,Engineering,2016-09-26,True,2.5
924,Henry,Anderson,liam.clark@business.org,45,81966.59,Sales,2017-06-04,True,3.3
925,Peter,Davis,frank.davis@firm.co,59,66631.26,Sales,2024-01-12,True,1.0
926,Henry,Wilson,kate.sanchez@enterprise.net,56,91131.15,Operations,2020-05-27,True,1.2
927,Ivy,Hernandez,drew.jackson@company.com,51,46909.71,Finance,2016-09-02,True,3.1
928,Noah,Clark,wendy.thompson@enterprise.net,52,58938.14,Engineering,2025-08-07,False,3.3
929,Peter,Anderson,sam.jackson@business.org,26,47447.15,HR,2023-09-23,True,4.0
930,Alice,Gonzalez,sam.miller@corp.com,35,80649.87,Engineering,2020-12-24,True,1.5
931,Maya,Wilson,rachel.martinez@business.org,32,53347.26,HR,2020-02-08,True,3.1
932,Kate,White,peter.johnson@company.com,30,61575.02,Marketing,2024-03-14,True,1.8
933,Victor,Brown,bob.davis@firm.co,55,77353.41,Finance,2016-03-07,True,1.4
934,Victor,Hernandez,henry.smith@firm.co,33,78965.0,Marketing,2018-08-20,True,2.6
935,Zoe,Wilson,peter.smith@enterprise.net,56,46857.47,Sales,2019-11-29,True,1.7
936,Maya,Hernandez,drew.martin@business.org,56,86133.11,Sales,2019-09-20,True,1.9
937,Xander,Perez,zoe.jones@enterprise.net,22,74113.79,Finance,2017-08-17,True,2.3
938,Frank,Rodriguez,wendy.garcia@enterprise.net,61,43365.94,Marketing,2022-03-02,True,2.0
939,Alex,Lopez,bob.smith@business.org,43,38445.68,Engineering,2016-11-25,True,1.4
940,Olivia,Jones,sam.thompson@business.org,50,64683.61,Marketing,2020-04-01,True,1.4
941,Drew,Perez,yara.brown@firm.co,29,82001.88,HR,2022-05-06,True,1.8
942,Eve,Thomas,blake.lopez@company.com,32,82514.32,Operations,2022-11-23,True,1.2
943,Tara,Williams,liam.thompson@corp.com,62,72123.34,Sales,2019-05-28,True,3.5
944,Rachel,Williams,sam.brown@enterprise.net,58,65973.5,Engineering,2016-01-30,True,2.1
945,Alice,Clark,jack.hernandez@business.org,35,75234.75,Sales,2019-05-05,False,2.1
946,Drew,Williams,frank.white@corp.com,51,47893.39,Marketing,2025-03-04,True,2.3
947,Maya,Williams,zoe.lee@corp.com,56,98739.76,Finance,2021-03-29,False,3.7
948,Sam,Wilson,uma.hernandez@business.org,42,98478.77,Engineering,2024-08-06,True,4.5
949,Sam,Brown,wendy.moore@firm.co,58,73576.25,Operations,2017-12-18,False,4.0
950,Victor,White,zoe.lopez@business.org,26,68946.01,Finance,2023-11-16,True,3.9
951,Alice,White,victor.jackson@business.org,40,56771.58,Operations,2025-01-13,True,2.9
952,Charlie,Lopez,maya.martinez@enterprise.net,35,75574.98,Marketing,2023-04-17,True,3.8
953,Uma,Sanchez,eve.garcia@company.com,47,51173.65,HR,2016-07-31,True,3.2
954,Noah,Jones,wendy.jackson@corp.com,25,20527.76,Finance,2022-11-09,True,1.9
955,Eve,Moore,blake.harris@firm.co,46,10717.85,Finance,2020-05-13,True,1.8
956,Blake,Johnson,bob.garcia@firm.co,63,49010.03,Marketing,2016-04-19,True,2.2
957,Olivia,Jackson,kate.sanchez@firm.co,46,68127.56,Engineering,2018-08-24,True,4.6
958,Frank,Moore,henry.lee@firm.co,39,71639.43,Operations,2024-08-17,False,3.2
959,Bob,Moore,diana.thomas@business.org,61,55264.86,Marketing,2020-08-30,False,3.9
960,Ivy,Hernandez,kate.white@company.com,29,67836.7,Finance,2017-05-11,False,2.4
961,Maya,Perez,henry.lopez@enterprise.net,60,59515.43,Sales,2021-12-15,True,2.6
962,Kate,Brown,frank.lee@company.com,61,45013.74,Sales,2022-10-17,True,1.5
963,Grace,Wilson,alex.thompson@enterprise.net,35,63925.11,Finance,2021-08-29,True,1.7
964,Olivia,Lopez,olivia.smith@enterprise.net,53,81259.14,Engineering,2021-09-01,True,4.3
965,Kate,Perez,grace.davis@company.com,59,45918.77,Finance,2019-06-04,True,3.3
966,Kate,Harris,liam.rodriguez@company.com,54,45927.91,Sales,2019-06-16,True,2.4
967,Yara,Wilson,xander.smith@company.com,44,43614.99,HR,2016-08-16,True,4.2
968,Casey,White,maya.anderson@corp.com,36,26269.63,Finance,2022-10-26,True,2.0
969,Maya,Johnson,frank.wilson@corp.com,54,55395.95,Finance,2021-11-06,False,4.9
970,Ivy,Martinez,casey.gonzalez@enterprise.net,46,79281.72,HR,2025-06-26,True,2.4
971,Yara,Martin,rachel.gonzalez@company.com,38,68478.32,Engineering,2021-02-02,False,2.3
972,Alex,Martinez,alex.thomas@firm.co,54,61614.98,Marketing,2024-05-07,True,2.2
973,Noah,Lopez,uma.harris@business.org,23,67581.3,Sales,2021-10-08,True,1.5
974,Ivy,Brown,frank.anderson@company.com,35,55220.37,Sales,2015-12-25,True,1.4
975,Alex,Jackson,zoe.johnson@enterprise.net,61,26042.27,Operations,2018-02-01,True,3.6
976,Charlie,Taylor,alice.hernandez@enterprise.net,61,80674.38,Marketing,2018-12-01,True,4.5
977,Peter,Miller,diana.williams@enterprise.net,60,86422.49,Marketing,2023-06-24,True,4.2
978,Alice,Jones,frank.gonzalez@business.org,27,50436.86,Marketing,2019-03-29,True,1.6
979,Xander,Perez,xander.williams@firm.co,27,61983.29,Marketing,2019-04-02,True,3.2
980,Rachel,Thomas,casey.williams@enterprise.net,24,60260.02,Sales,2018-06-03,True,1.4
981,Bob,Davis,tara.martin@corp.com,28,72025.78,Finance,2018-06-06,False,1.2
982,Liam,Brown,wendy.smith@corp.com,29,98797.87,Finance,2019-09-02,True,3.6
983,Henry,Lopez,uma.garcia@firm.co,63,88195.82,HR,2023-10-02,True,3.1
984,Uma,Moore,casey.wilson@business.org,36,57461.72,Finance,2016-12-15,True,1.3
985,Charlie,Lopez,bob.brown@enterprise.net,50,75849.28,Operations,2022-07-08,True,1.1
986,Yara,Brown,grace.miller@corp.com,54,90087.14,Engineering,2021-09-22,True,5.0
987,Uma,Harris,wendy.moore@firm.co,51,73166.9,Engineering,2022-01-23,True,1.1
988,Bob,Rodriguez,ivy.perez@enterprise.net,60,64906.01,Operations,2018-02-27,False,2.8
989,Yara,Jackson,jack.davis@company.com,48,73920.0,Marketing,2019-12-26,True,3.0
990,Alice,Davis,bob.gonzalez@firm.co,57,50934.57,HR,2020-03-29,False,1.5
991,Henry,Sanchez,rachel.clark@corp.com,50,53854.38,Sales,2017-01-07,False,1.7
992,Grace,Wilson,eve.johnson@enterprise.net,59,43719.32,Operations,2017-06-13,True,2.4
993,Alex,Moore,alice.wilson@company.com,54,71141.29,Finance,2020-09-11,True,4.0
994,Alice,Harris,jack.clark@firm.co,58,62371.94,Finance,2024-10-29,False,3.0
995,Tara,Clark,peter.miller@company.com,48,48537.64,Sales,2021-06-08,True,3.6
996,Eve,Martin,alice.miller@business.org,54,61716.41,Engineering,2018-10-29,True,4.9
997,Henry,Martin,uma.martinez@company.com,25,74399.97,Operations,2022-06-30,False,4.1
998,Eve,Perez,peter.brown@enterprise.net,43,103294.25,Marketing,2020-07-04,True,2.7
999,Peter,Lee,zoe.gonzalez@corp.com,23,85241.36,HR,2018-08-16,True,2.8
1000,Victor,Moore,peter.perez@enterprise.net,31,19317.04,Engineering,2024-01-31,True,3.5
